{
  "pages/amp/product-options": "{{#partial \"page\"}}\n    {{> components/amp/products/product-options schema=true}}\n{{/partial}}\n{{> layout/amp-iframe}}\n",
  "components/amp/products/product-options": "<div class=\"productView\">\n    <div class=\"productView-options\">\n        <form class=\"form\" method=\"post\" action=\"{{product.cart_url}}\" enctype=\"multipart/form-data\" data-cart-item-add target=\"_self\">\n            <input type=\"hidden\" name=\"action\" value=\"add\">\n            <input type=\"hidden\" name=\"product_id\" value=\"{{product.id}}\"/>\n            <div data-product-option-change>\n                {{#each product.options}}\n                    {{{dynamicComponent 'components/products/options'}}}\n                {{/each}}\n            </div>\n            {{#if product.can_purchase}}\n                {{> components/products/add-to-cart}}\n            {{/if}}\n            <div class=\"loadingOverlay\"></div>\n        </form>\n    </div>\n</div>\n",
  "layout/amp-iframe": "<!DOCTYPE html>\n<html class=\"no-js\" lang=\"{{ locale_name }}\">\n    <head>\n        <title>{{ head.title }}</title>\n        {{{ head.meta_tags }}}\n        {{{ head.config }}}\n        {{#block \"head\"}} {{/block}}\n        <link href=\"{{ head.favicon }}\" rel=\"shortcut icon\">\n        <meta name=\"viewport\" content=\"width=device-width, initial-scale=1, maximum-scale=1\">\n        {{{stylesheet '/assets/css/theme.css'}}}\n        {{ getFontsCollection }}\n\n        <script>\n            // Change document class from no-js to js so we can detect this in css\n            document.documentElement.className = document.documentElement.className.replace('no-js', 'js');\n        </script>\n\n        {{{ head.scripts }}}\n\n        {{ inject 'themeSettings' theme_settings }}\n        {{inject 'urls' urls}}\n        <style>\n            {{> components/amp/css/product-options}}\n        </style>\n    </head>\n    <body>\n        <svg data-src=\"{{cdn 'img/icon-sprite.svg'}}\" class=\"icons-svg-sprite\"></svg>\n\n        {{#block \"page\"}} {{/block}}\n\n        <script>window.__webpack_public_path__ = \"{{cdn 'assets/dist/'}}\";</script>\n        <script src=\"{{cdn 'assets/dist/theme-bundle.main.js'}}\"></script>\n\n        <script>\n            // Exported in app.js\n            window.stencilBootstrap(\"{{page_type}}\", {{jsContext}}, false).load();\n        </script>\n        <script type=\"text/javascript\" charset=\"utf-8\">\n            function postHeight() {\n                window.parent.postMessage({\n                    sentinel: 'amp',\n                    type: 'embed-size',\n                    height: window.document.querySelector('body').offsetHeight\n                }, '*');\n            }\n\n            window.addEventListener(\"DOMContentLoaded\", function () {\n                window.addEventListener('resize', postHeight);\n                postHeight();\n            }, false);\n        </script>\n\n    </body>\n</html>\n",
  "components/amp/css/product-options": "body {\n\tpadding: 0;\n\tmargin: 0;\n}\n\n.productView-options {\n    text-align: center;\n}\n",
  "components/products/add-to-cart": "<div class=\"alertBox productAttributes-message\" style=\"display:none\">\n    <div class=\"alertBox-column alertBox-icon\">\n        <icon glyph=\"ic-success\" class=\"icon\" aria-hidden=\"true\"><svg xmlns=\"http://www.w3.org/2000/svg\" width=\"24\" height=\"24\" viewBox=\"0 0 24 24\"><path d=\"M12 2C6.48 2 2 6.48 2 12s4.48 10 10 10 10-4.48 10-10S17.52 2 12 2zm1 15h-2v-2h2v2zm0-4h-2V7h2v6z\"></path></svg></icon>\n    </div>\n    <p class=\"alertBox-column alertBox-message\"></p>\n</div>\n\n<div id=\"add-to-cart-wrapper\" class=\"{{#if theme_settings.show_product_quantity_box '===' true}} qty-box-visible{{/if}}\" {{#unless product.can_purchase}}style=\"display: none\"{{/unless}}>\n    {{#if theme_settings.show_product_quantity_box}}\n        <div class=\"form-field form-field--increments\">\n            <label class=\"form-label form-label--alternate\"\n                   for=\"qty[]\">{{lang 'products.quantity'}}</label>\n                <div class=\"form-increment\" data-quantity-change>\n                    <button class=\"button button--icon\" data-action=\"dec\">\n                        <span class=\"is-srOnly\">{{lang 'products.quantity_decrease'}}</span>\n                        <i class=\"icon\" aria-hidden=\"true\">\n                            <svg>\n                                <use xlink:href=\"#icon-keyboard-arrow-down\"/>\n                            </svg>\n                        </i>\n                    </button>\n                    <input class=\"form-input form-input--incrementTotal\"\n                           id=\"qty[]\"\n                           name=\"qty[]\"\n                           type=\"tel\"\n                           value=\"{{#if product.min_purchase_quantity}}{{product.min_purchase_quantity}}{{else}}1{{/if}}\"\n                           data-quantity-min=\"{{product.min_purchase_quantity}}\"\n                           data-quantity-max=\"{{product.max_purchase_quantity}}\"\n                           min=\"1\"\n                           pattern=\"[0-9]*\"\n                           aria-live=\"polite\">\n                    <button class=\"button button--icon\" data-action=\"inc\">\n                        <span class=\"is-srOnly\">{{lang 'products.quantity_increase'}}</span>\n                        <i class=\"icon\" aria-hidden=\"true\">\n                            <svg>\n                                <use xlink:href=\"#icon-keyboard-arrow-up\"/>\n                            </svg>\n                        </i>\n                    </button>\n                </div>\n        </div>\n    {{/if}}\n\n    {{#or customer (if theme_settings.restrict_to_login '!==' true)}}\n        <div class=\"form-action\">\n            <div class=\"centerButton\">\n                <input\n                        id=\"form-action-addToCart\"\n                        data-wait-message=\"{{lang 'products.adding_to_cart'}}\"\n                        class=\"button button--primary\"\n                        type=\"submit\"\n                        value=\"{{#if product.pre_order}}{{lang 'products.pre_order'}}{{else}}{{lang 'products.add_to_cart'}}{{/if}}\"\n                >\n\n            </div>\n            <span class=\"product-status-message aria-description--hidden\">{{lang 'products.adding_to_cart'}} {{lang 'category.add_cart_announcement'}}</span>\n        </div>\n    {{/or}}\n    <div class=\"clear\"></div>\n</div>\n",
  "components/products/options/input-checkbox": "<div class=\"form-field\" data-product-attribute=\"input-checkbox\">\n    <label class=\"form-label form-label--alternate form-label--inlineSmall\">\n        {{display_name}}:\n\n        {{#if required}}\n            <small>{{lang 'common.required'}}</small>\n        {{/if}}\n    </label>\n    <input type=\"hidden\" name=\"attribute[{{id}}]\" value=\"{{noValue}}\" />\n    <input\n        class=\"form-checkbox\"\n        type=\"checkbox\"\n        name=\"attribute[{{id}}]\"\n        id=\"attribute-check-{{id}}\"\n        value=\"{{value}}\"\n        {{#if checked}}\n            checked\n            data-default\n        {{/if}}\n        {{#if required}}required{{/if}}>\n\n    <label class=\"form-label {{class}}\" for=\"attribute-check-{{id}}\">{{label}}</label>\n</div>\n",
  "components/products/options/date": "<div class=\"form-field\" data-product-attribute=\"date\">\n    <label class=\"form-label form-label--alternate form-label--inlineSmall\" {{#if style}}style=\"{{style}}\" {{/if}}>\n        {{this.display_name}}:\n\n        {{#if required}}\n            <small>{{lang 'common.required'}}</small>\n        {{/if}}\n    </label>\n    <select class=\"form-select form-select--date\" name=\"attribute[{{this.id}}][month]\" {{#if required}}required{{/if}}>\n        <option value=\"\">{{lang 'common.month'}}</option>\n        {{#for 1 12}}\n            <option value=\"{{$index}}\" {{#if ../selected_date.month '==' $index}}selected=\"selected\"{{/if}}>\n                {{lang (concat 'common.short_months.' $index)}}\n            </option>\n        {{/for}}\n    </select>\n    <select class=\"form-select form-select--date\" name=\"attribute[{{this.id}}][day]\" {{#if required}}required{{/if}}>\n        <option value=\"\">{{lang 'common.day'}}</option>\n        {{#for 1 31}}\n            <option value=\"{{$index}}\" {{#if ../selected_date.day '==' $index}}selected=\"selected\"{{/if}}>\n                {{$index}}\n            </option>\n        {{/for}}\n    </select>\n    <select class=\"form-select form-select--date\" name=\"attribute[{{this.id}}][year]\" {{#if required}}required{{/if}}>\n        <option value=\"\">{{lang 'common.year'}}</option>\n        {{#for earliest_year latest_year}}\n            <option value=\"{{$index}}\" {{#if ../selected_date.year '==' $index}}selected=\"selected\"{{/if}}>\n                {{$index}}\n            </option>\n        {{/for}}\n        {{#if earliest_year '==' latest_year}}\n        <option value=\"{{earliest_year}}\" selected=\"selected\">{{earliest_year}}</option>\n        {{/if}}\n    </select>\n</div>\n",
  "components/products/options/input-file": "<div class=\"form-field\" data-product-attribute=\"input-file\">\n    <label class=\"form-label form-label--alternate form-label--inlineSmall\" for=\"attribute_file_{{id}}\">\n        {{ this.display_name }}:\n\n        {{#if required}}\n            <small>{{lang 'common.required'}}</small>\n        {{/if}}\n    </label>\n\n    <input class=\"form-file\" type=\"file\" id=\"attribute_file_{{id}}\" name=\"attribute[{{this.id}}]\" {{#if required}}required{{/if}}>\n    {{#if original_name}}\n        {{{lang 'products.file_option_set' url=file_url name=original_name}}}\n        <label>{{lang 'cart.remove_file'}}<input type=\"checkbox\" name=\"{{file_remove}}\"></label>\n    {{/if}}\n    <p class=\"form-fileDescription\">{{#if file_size}}{{lang 'products.max_filesize'}} <strong>{{file_size}}</strong>, {{/if}}{{#if file_types}}{{lang 'products.filetypes'}} <strong>{{file_types}}</strong>{{/if}}</p>\n\n</div>\n",
  "components/products/options/product-list": "<div class=\"form-field\" data-product-attribute=\"product-list\">\n    <label class=\"form-label form-label--alternate form-label--inlineSmall\">\n        {{display_name}}:\n        <span data-option-value></span>\n\n        {{#if required}}\n            <small>{{lang 'common.required'}}</small>\n        {{/if}}\n    </label>\n\n    {{#if values.0.image}}\n        <ul class=\"productOptions-list\">\n            {{#unless required}}\n                <li class=\"productOptions-list-item\">\n                    <input class=\"form-radio\"\n                           type=\"radio\"\n                           name=\"attribute[{{id}}]\"\n                           value=\"0\"\n                           id=\"attribute_productlist_0_{{id}}\"\n                           checked=\"{{#if defaultValue '==' 0}}checked{{/if}}\" required>\n                    <label class=\"form-label\" for=\"attribute_productlist_0_{{id}}\">{{lang 'products.none'}}</label>\n                </li>\n            {{/unless}}\n            {{#each values}}\n                <li class=\"productOptions-list-item\" data-product-attribute-value=\"{{id}}\">\n                    {{#if image}}\n                        <figure class=\"productOptions-list-item-figure\">\n                            <img class=\"productOptions-list-item-image lazyload\" data-sizes=\"auto\" src=\"{{cdn 'img/loading.svg'}}\" data-src=\"{{getImage image 'productthumb_size'}}\" alt=\"{{image.alt}}\" title=\"{{image.alt}}\">\n                        </figure>\n                    {{/if}}\n                    <div class=\"productOptions-list-item-content\">\n                        <input\n                            class=\"form-radio\"\n                            type=\"radio\"\n                            name=\"attribute[{{../id}}]\"\n                            value=\"{{id}}\"\n                            id=\"attribute_productlist_{{../id}}_{{id}}\"\n                            {{#if selected}}\n                                checked\n                                data-default\n                            {{/if}}\n                            {{#if ../required}}required{{/if}}>\n                        <label data-product-attribute-value=\"{{id}}\" class=\"form-label\" for=\"attribute_productlist_{{../id}}_{{id}}\">{{label}}</label>\n                    </div>\n                </li>\n            {{/each}}\n        </ul>\n    {{else}}\n        {{#unless required}}\n        <input class=\"form-radio\"\n               type=\"radio\"\n               name=\"attribute[{{id}}]\"\n               value=\"0\"\n               id=\"attribute_productlist_0_{{id}}\"\n               {{#if defaultValue '==' 0}}checked{{/if}}>\n        <label class=\"form-label\" for=\"attribute_productlist_0_{{id}}\">{{lang 'products.none'}}</label>\n        {{/unless}}\n        {{#each values}}\n            <input\n                class=\"form-radio\"\n                type=\"radio\"\n                name=\"attribute[{{../id}}]\"\n                value=\"{{id}}\"\n                id=\"attribute_productlist_{{../id}}_{{id}}\"\n                {{#if selected}}checked{{/if}}\n                {{#if ../required}}required{{/if}}>\n            <label data-product-attribute-value=\"{{id}}\" class=\"form-label\" for=\"attribute_productlist_{{../id}}_{{id}}\">{{label}}</label>\n        {{/each}}\n    {{/if}}\n</div>\n",
  "components/products/options/input-numbers": "<div class=\"form-field\" data-product-attribute=\"input-number\">\n    <label class=\"form-label form-label--alternate form-label--inlineSmall\" for=\"attribute_number_{{id}}\">\n        {{ this.display_name }}:\n\n        {{#if required}}\n            <small>{{lang 'common.required'}}</small>\n        {{/if}}\n    </label>\n\n    <input class=\"form-input\" type=\"number\" id=\"attribute_number_{{id}}\" {{#unless this.integer_only}}step=\"any\"{{/unless}} name=\"attribute[{{this.id}}]\" value=\"{{this.prefill}}\" {{#if required}}required{{/if}}>\n</div>\n",
  "components/products/options/set-radio": "<div class=\"form-field\" data-product-attribute=\"set-radio\">\n    <label class=\"form-label form-label--alternate form-label--inlineSmall\">\n        {{ this.display_name }}:\n\n        {{#if required}}\n            <small>{{lang 'common.required'}}</small>\n        {{/if}}\n    </label>\n\n    {{#each this.values}}\n        <input\n            class=\"form-radio\"\n            type=\"radio\"\n            id=\"attribute_radio_{{../id}}_{{id}}\"\n            name=\"attribute[{{../id}}]\"\n            value=\"{{id}}\"\n            {{#if selected}}\n                checked\n                data-default\n            {{/if}}\n            {{#if ../required}}required{{/if}}>\n        <label data-product-attribute-value=\"{{id}}\" class=\"form-label\" for=\"attribute_radio_{{../id}}_{{id}}\">{{this.label}}</label>\n    {{/each}}\n</div>\n",
  "components/products/options/input-text": "<div class=\"form-field\" data-product-attribute=\"input-text\">\n    <label class=\"form-label form-label--alternate form-label--inlineSmall\" for=\"attribute_text_{{id}}\">\n        {{ this.display_name }}:\n\n        {{#if required}}\n            <small>{{lang 'common.required'}}</small>\n        {{/if}}\n    </label>\n\n    <input class=\"form-input form-input--small\" type=\"text\" id=\"attribute_text_{{id}}\" name=\"attribute[{{this.id}}]\" value=\"{{this.prefill}}\" {{#if required}}required{{/if}}>\n</div>\n",
  "components/products/options/set-rectangle": "<div class=\"form-field\" data-product-attribute=\"set-rectangle\">\n    <label class=\"form-label form-label--alternate form-label--inlineSmall\">\n        {{this.display_name}}:\n        <span data-option-value></span>\n        {{#if required}}\n            <small>{{lang 'common.required'}}</small>\n        {{/if}}\n    </label>\n    {{#each this.values}}\n        <input\n            class=\"form-radio\"\n            type=\"radio\"\n            id=\"attribute_rectangle__{{../id}}_{{id}}\"\n            name=\"attribute[{{../id}}]\"\n            value=\"{{id}}\"\n            {{#if selected}}\n                checked\n                data-default\n            {{/if}}\n            {{#if ../required}}required{{/if}}>\n        <label class=\"form-option\" for=\"attribute_rectangle__{{../id}}_{{id}}\" data-product-attribute-value=\"{{id}}\">\n            <span class=\"form-option-variant\">{{this.label}}</span>\n        </label>\n    {{/each}}\n</div>\n",
  "components/products/options/swatch": "<div class=\"form-field\" data-product-attribute=\"swatch\">\n    <label class=\"form-label form-label--alternate form-label--inlineSmall\">\n        {{this.display_name}}:\n        <span data-option-value></span>\n\n        {{#if required}}\n            <small>{{lang 'common.required'}}</small>\n        {{/if}}\n    </label>\n\n    {{#each this.values}}\n        <input class=\"form-radio\" type=\"radio\" name=\"attribute[{{../id}}]\" value=\"{{id}}\" id=\"attribute_swatch_{{../id}}_{{id}}\" {{#if selected}}checked data-default{{/if}} {{#if ../required}}required{{/if}}>\n        <label class=\"form-option form-option-swatch\" for=\"attribute_swatch_{{../id}}_{{id}}\" data-product-attribute-value=\"{{id}}\">\n            {{#if image}}\n                <span class='form-option-variant form-option-variant--pattern' title=\"{{this.label}}\" style=\"background-image: url('{{getImage image \"swatch_option_size\"}}');\"></span>\n            {{/if}}\n            {{#if data.[2]}}\n                <span class='form-option-variant form-option-variant--color' title=\"{{this.label}}\" style=\"background-color: #{{data.[0]}}\"></span>\n                <span class='form-option-variant form-option-variant--color' title=\"{{this.label}}\" style=\"background-color: #{{data.[1]}}\"></span>\n                <span class='form-option-variant form-option-variant--color' title=\"{{this.label}}\" style=\"background-color: #{{data.[2]}}\"></span>\n            {{else}}\n                {{#if data.[1]}}\n                    <span class='form-option-variant form-option-variant--color' title=\"{{this.label}}\" style=\"background-color: #{{data.[0]}}\"></span>\n                    <span class='form-option-variant form-option-variant--color' title=\"{{this.label}}\" style=\"background-color: #{{data.[1]}}\"></span>\n                {{else}}\n                    {{#if data.[0]}}\n                        <span class='form-option-variant form-option-variant--color' title=\"{{this.label}}\" style=\"background-color: #{{data.[0]}}\"></span>\n                    {{/if}}\n                {{/if}}\n            {{/if}}\n            {{#if pattern}}\n                <span class=\"form-option-expanded\">\n                    <span class=\"form-option-image\" style=\"background-image: url('{{getImage image 'core-swatch'}}');\"></span>\n                </span>\n            {{/if}}\n        </label>\n    {{/each}}\n</div>\n",
  "components/products/options/set-select": "<div class=\"form-field\" data-product-attribute=\"set-select\">\n    <label class=\"form-label form-label--alternate form-label--inlineSmall\" for=\"attribute_select_{{id}}\">\n        {{ this.display_name }}:\n\n        {{#if required}}\n            <small>{{lang 'common.required'}}</small>\n        {{/if}}\n    </label>\n\n    <select class=\"form-select form-select--small\" name=\"attribute[{{this.id}}]\" id=\"attribute_select_{{id}}\" {{#if required}}required{{/if}}>\n        <option value=\"\">{{lang 'products.choose_options'}}</option>\n        {{#each this.values}}\n            <option data-product-attribute-value=\"{{id}}\" value=\"{{id}}\" {{#if selected}}selected data-default{{/if}}>{{label}}</option>\n        {{/each}}\n    </select>\n</div>\n",
  "components/products/options/textarea": "<div class=\"form-field\" data-product-attribute=\"textarea\">\n    <label class=\"form-label form-label--alternate form-label--inlineSmall\" for=\"attribute_textarea_{{id}}\">\n        {{display_name}}:\n\n        {{#if required}}\n            <small>{{lang 'common.required'}}</small>\n        {{/if}}\n    </label>\n\n    <textarea class=\"form-input\" id=\"attribute_textarea_{{id}}\" name=\"attribute[{{id}}]\" {{#if required}}required{{/if}}>{{prefill}}</textarea>\n</div>\n"
}