{
  "components/products/carousel-vertical": "<section class=\"carousel-vertical\"\n    data-list-name=\"{{list}}\"\n    data-slick='{\n        \"dots\": true,\n        \"infinite\": false,\n        \"mobileFirst\": false,\n        \"slidesToShow\": {{ columns }},\n        \"slidesToScroll\": {{ columns }},\n        \"vertical\": true,\n        \"verticalSwiping\": true,\n        \"responsive\": [\n        {\n          \"breakpoint\": 981,\n          \"settings\": {\n            \"slidesToShow\": 4,\n            \"slidesToScroll\": 4\n          }\n        },\n        {\n          \"breakpoint\": 801,\n          \"settings\": {\n            \"vertical\": false,\n            \"verticalSwiping\": false,\n            \"slidesToShow\": 3,\n            \"slidesToScroll\": 3,\n            \"dots\": false\n          }\n        },\n        {\n          \"breakpoint\": 551,\n          \"settings\": {\n            \"vertical\": false,\n            \"verticalSwiping\": false,\n            \"slidesToShow\": 2,\n            \"slidesToScroll\": 2,\n            \"dots\": false\n          }\n        }\n        ]\n    }'>\n      {{#each products}}\n        <li class=\"productCarousel-slide product\">\n          {{> components/products/card settings=../settings show_rating=../settings.show_product_rating theme_settings=../theme_settings customer=../customer event=\"list\" position=(add @index 1)}}\n        </li>\n      {{/each}}\n</section>\n",
  "components/products/card": "{{#if show_compare}}\n<article id=\"{{#or customer (if theme_settings.restrict_to_login '===' true)}}pricing-restricted{{/or}}\" class=\"card compare-enabled {{#if alternate}}card--alternate{{/if}} price-visibility{{#or customer (if theme_settings.restrict_to_login '===' true)}} restricted{{/or}} {{#if theme_settings.show_sale_price_label '===' true}}sale-label-active{{/if}} {{#if theme_settings.card-brand-name '===' true}}brand-sku-active brand-active{{/if}} {{#if theme_settings.card-brand-name '===' false}}brand-hidden{{/if}} {{#if theme_settings.card-sku '===' true}}brand-sku-active sku-active{{/if}} {{#if theme_settings.card-sku '===' false}}sku-hidden{{/if}} {{#if theme_settings.card-brand-sku-separate-lines '===' true}}brand-sku-separate-lines{{/if}} {{#if theme_settings.card-brand-2-lines '===' true}}brand-2-lines{{/if}} {{#if theme_settings.card-sku-2-lines '===' true}}sku-2-lines{{/if}} {{#if theme_settings.msrp-price '===' true}}msrp-visible{{else}}msrp-hidden{{/if}} {{#if theme_settings.msrp-before-sale-pricing-separate-lines '===' true}}msrp-and-regular-separate-lines{{/if}} {{#if theme_settings.before-sale-price '===' true}} before-sale-price-visible{{else}}before-sale-price-hidden{{/if}} {{#if theme_settings.card-title-lines '===' '1-line'}} card-title-one-line{{/if}} {{#if theme_settings.card-title-lines '===' '2-lines'}}card-title-two-lines{{/if}} {{#if theme_settings.card-title-lines '===' '3-lines'}}card-title-three-lines{{/if}} {{#if theme_settings.card-title-lines '===' '4-lines'}}card-title-four-lines{{/if}} {{#if theme_settings.current-price-on-two-lines '===' true}}current-price-on-two-lines {{/if}} {{#if theme_settings.price_ranges '===' true}}price-ranges-active{{/if}} {{#if theme_settings.card-text-align '===' 'center'}} center-align{{/if}} {{#if price.with_tax}} withTax{{/if}}{{#if price.without_tax}} withoutTax{{/if}}\" {{#if settings.data_tag_enabled}} data-event-type=\"{{event}}\" data-entity-id=\"{{id}}\" data-position=\"{{position}}\" data-name=\"{{name}}\" data-product-category=\"{{#each category}}{{#if @last}}{{this}}{{else}}{{this}}, {{/if}}{{/each}}\" data-product-brand=\"{{brand.name}}\" data-product-price=\"{{#if price.with_tax}}{{price.with_tax.value}}{{else}}{{price.without_tax.value}}{{/if}}\"  {{/if}}>\n    <figure class=\"card-figure {{#if theme_settings.product_sale_badges_visibility '===' true}} sale-flag-active{{else}} sale-flag-inactive{{/if}} {{#if images.length '>' 1}} multiple-images{{/if}} {{#if theme_settings.product_hover_images '===' 'active'}} second-hover-img-active{{/if}}\">\n    {{#or price.non_sale_price_with_tax price.non_sale_price_without_tax}}\n            {{#if theme_settings.product_sale_badges '===' 'sash'}}\n                <div class=\"sale-flag-sash\">\n                    <span class=\"sale-text\">SALE</span>\n                </div>\n            {{else if theme_settings.product_sale_badges '===' 'topleft'}}\n                <div class=\"sale-flag-side\">\n                    <span class=\"sale-text\">SALE</span>\n                </div>\n            {{else if theme_settings.product_sale_badges '===' 'burst'}}\n                <div class=\"starwrap\">\n                    <div class=\"sale-text-burst\">SALE</div>\n                    <div class=\"sale-flag-star\"></div>\n                </div>\n            {{/if}}\n        {{/or}}\n\n        <a class=\"image-link desktop\" href=\"{{url}}\" {{#if settings.data_tag_enabled}} data-event-type=\"product-click\" {{/if}}>\n            <img class='card-image primary lazyload' data-sizes=\"auto\" src=\"{{cdn 'img/loading.svg'}}\" data-src=\"{{getImage image 'productgallery_size' (cdn theme_settings.default_image_product)}}\" alt=\"{{image.alt}}\" title=\"{{image.alt}}\">\n            {{#if theme_settings.product_hover_images '===' 'active'}}\n              {{#each (limit images 2)}}\n                {{#if @index '>' 0}}\n                  <img class='card-image alt lazyload' src=\"{{cdn 'img/loading.svg'}}\" data-src=\"{{getImage this 'productgallery_size' (cdn theme_settings.default_image_product)}}\" alt=\"{{this.alt}}\" title=\"{{this.alt}}\">\n                {{/if}}\n              {{/each}}\n            {{/if}}\n          </a>\n          <a class=\"image-link mobile\" href=\"#0\" {{#if settings.data_tag_enabled}} data-event-type=\"product-click\" {{/if}}>\n              <img class='card-image primary lazyload' data-sizes=\"auto\" src=\"{{cdn 'img/loading.svg'}}\" data-src=\"{{getImage image 'productgallery_size' (cdn theme_settings.default_image_product)}}\" alt=\"{{image.alt}}\" title=\"{{image.alt}}\">\n              {{#if theme_settings.product_hover_images '===' 'active'}}\n                {{#each (limit images 2)}}\n                  {{#if @index '>' 0}}\n                    <img class='card-image alt lazyload' src=\"{{cdn 'img/loading.svg'}}\" data-src=\"{{getImage this 'productgallery_size' (cdn theme_settings.default_image_product)}}\" alt=\"{{this.alt}}\" title=\"{{this.alt}}\">\n                  {{/if}}\n                {{/each}}\n              {{/if}}\n            </a>\n\n        <figcaption class=\"card-figcaption\">\n            <div class=\"card-figcaption-body\">\n              {{#unless hide_product_quick_view}}\n                  {{#if theme_settings.show_product_quick_view}}\n                      {{#unless demo}}\n                      {{#if settings.data_tag_enabled}}\n                        <a href=\"#\" class=\"button button--small card-figcaption-button quickview\" data-event-type=\"product-click\" data-product-id=\"{{id}}\">{{lang 'products.quick_view'}}</a>\n                        <a class=\"mobile-image-link\" href=\"{{url}}\" data-event-type=\"product-click\"><span class=\"mobile-link-text\">Details</span></a>\n                        {{else}}\n                        <a href=\"#\" class=\"button button--small card-figcaption-button quickview\" data-product-id=\"{{id}}\">{{lang 'products.quick_view'}}</a>\n                        <a class=\"mobile-image-link\" href=\"{{url}}\"><span class=\"mobile-link-text\">Details</span></a>\n                      {{/if}}\n                      {{/unless}}\n                  {{/if}}\n              {{/unless}}\n            </div>\n        </figcaption>\n    </figure>\n\n        {{#if theme_settings.price_as_low_as '===' true}}\n        {{#or customer (if theme_settings.restrict_to_login '!==' true)}}\n        <div class=\"card-body with-as-low-as-pricing purchase-ability{{#if show_rating}} ratings-on{{else}} ratings-off{{/if}}{{#if price.with_tax}} withTax{{/if}}{{#if price.without_tax}} withoutTax{{/if}}{{#or customer (if theme_settings.restrict_to_login '===' true)}} restricted{{/or}}\" data-test-info-type=\"price\">\n\n          <div class=\"card-sku-brand-section {{#if theme_settings.card-brand-sku-separate-lines '===' true}} separate-lines {{/if}} {{#if theme_settings.card-brand-2-lines '===' true}} brand-two-lines {{/if}} {{#if theme_settings.card-sku-2-lines '===' true}} sku-two-lines {{/if}}\">\n              <h4 class=\"card-text brand {{#if theme_settings.card-brand-2-lines '===' true}} two-lines {{/if}}\" data-test-info-type=\"brandName\"><a class=\"brand-link\" href=\"/brands/{{dashcase brand.name}}\">{{brand.name}}</a></h4>\n              {{#if theme_settings.card-brand-name '===' true}}\n               {{#if brand.name}}\n               {{#if theme_settings.card-sku '===' true}}\n               {{#if sku}}\n                 <span class=\"brand-sku-divider\">|</span>\n               {{/if}}\n               {{/if}}\n               {{/if}}\n             {{/if}}\n            <h4 class=\"card-text sku {{#if theme_settings.card-sku-2-lines '===' true}} two-lines {{/if}}\">\n              {{#if theme_settings.card-sku '===' true}}\n              {{#if sku}}\n              <a class=\"sku-link\" href=\"{{url}}\" {{#if settings.data_tag_enabled}} data-event-type=\"product-click\" {{/if}}>\n                <span class=\"sku-label\">{{lang 'sku'}}:</span>\n                <span class=\"sku-value\" data-product-sku>{{sku}}</span>\n              </a>\n              {{/if}}\n              {{/if}}\n            </h4>\n          </div>\n\n            <h4 class=\"card-title\">\n              {{#if demo}}\n                {{name}}\n              {{else}}\n                <a href=\"{{url}}\" {{#if settings.data_tag_enabled}} data-event-type=\"product-click\" {{/if}}>{{name}}</a>\n              {{/if}}\n            </h4>\n            {{#if show_rating}}\n                <p class=\"card-text\" data-test-info-type=\"productRating\">\n                    <span class=\"rating--small\">\n                        {{> components/products/ratings rating=rating}}\n                    </span>\n                </p>\n            {{/if}}\n            <div class=\"card-text\" data-test-info-type=\"price\">\n                <div class=\"price-visibility{{#or customer (if theme_settings.restrict_to_login '===' true)}} visible{{/or}}\">\n                  {{#or customer (if theme_settings.restrict_to_login '!==' true)}}\n                    {{> components/products/price price=price customer=customer}}\n                  {{else}}\n                </div>\n                <div class=\"card-text add-to-cart-button price-visibility{{#or customer (if theme_settings.restrict_to_login '===' true)}} restricted{{/or}}\">\n                    {{> components/common/login-for-pricing}}\n                    {{#if show_compare}}\n                        <label class=\"button button--small card-figcaption-button compare\" for=\"compare-{{id}}\">\n                          <span class=\"custom-checkbox\"><input type=\"checkbox\" name=\"products[]\" value=\"{{id}}\" id=\"compare-{{id}}\" data-compare-id=\"{{id}}\"></span>\n                          <span class=\"compare-text\">{{lang 'products.compare'}}</span>\n                        </label>\n                    {{/if}}\n                {{/or}}\n                </div>\n            </div>\n            {{> components/products/bulk-discount-rates}}\n            {{#or customer (if theme_settings.restrict_to_login '!==' true)}}\n            <div class=\"card-text add-to-cart-button {{#if stock_level '<' 1}}{{#if out_of_stock_message '===' false}} no-button{{/if}}{{/if}}\">\n                    {{#if show_cart_action}}\n                        {{#if has_options}}\n                            <a href=\"{{url}}\" data-event-type=\"product-click\" class=\"button button--small card-figcaption-button\" data-product-id=\"{{id}}\">{{lang 'products.choose_options'}}</a>\n                        {{/if}}\n                        {{#if pre_order}}\n                            <a href=\"{{pre_order_add_to_cart_url}}\" data-event-type=\"product-click\" class=\"button button--small card-figcaption-button\">{{lang 'products.pre_order'}}</a>\n                        {{/if}}\n                        {{#if add_to_cart_url }}\n                            <a href=\"{{add_to_cart_url}}\" data-event-type=\"product-click\" class=\"button button--small card-figcaption-button\">{{lang 'products.add_to_cart'}}</a>\n                        {{/if}}\n                        {{#if out_of_stock_message }}\n                            <a href=\"{{url}}\" data-event-type=\"product-click\" class=\"button button--small card-figcaption-button\" data-product-id=\"{{id}}\">{{out_of_stock_message}}</a>\n                        {{/if}}\n                        {{#if stock_level '<' 1}}\n                          {{#if out_of_stock_message '===' false}}\n                            <a href=\"{{url}}\" class=\"button button--small card-figcaption-button false-stock-message\" data-product-id=\"{{id}}\">View Details</a>\n                          {{/if}}\n                        {{/if}}\n                    {{/if}}\n                    {{#or customer (if theme_settings.restrict_to_login '!==' true)}}\n                        {{#if price}}\n                        {{ else }}\n                          <div class=\"card-text add-to-cart-button call-for-price\">\n                            <a href=\"{{url}}\" class=\"button button--small card-figcaption-button call-for-price desktop\" data-product-id=\"{{id}}\"><span class=\"line-one\">{{theme_settings.card_call_for_price_text}}</span><span class=\"line-two\">{{theme_settings.card_call_for_price_phone_number}}</span></a>\n                            <a href=\"tel:{{theme_settings.card_call_for_price_phone_number}}\" class=\"button button--small card-figcaption-button call-for-price mobile\" data-product-id=\"{{id}}\"><span class=\"line-one\">{{theme_settings.card_call_for_price_text}}</span><span class=\"line-two\">{{theme_settings.card_call_for_price_phone_number}}</span></a>\n                          </div>\n                          <div class=\"current-price\"></div>\n                        {{/if}}\n                      {{/or}}\n            </div>\n            {{#if show_compare}}\n                <label class=\"button button--small card-figcaption-button compare\" for=\"compare-{{id}}\">\n                    <span class=\"custom-checkbox\"><input type=\"checkbox\" name=\"products[]\" value=\"{{id}}\" id=\"compare-{{id}}\" data-compare-id=\"{{id}}\"></span>\n                    <span class=\"compare-text\">{{lang 'products.compare'}}</span>\n                </label>\n            {{/if}}\n            {{/or}}\n        </div>\n        {{else if theme_settings.price_as_low_as '===' true}}\n        {{#or customer (if theme_settings.restrict_to_login '===' true)}}\n        <div class=\"card-body with-as-low-as-pricing purchase-ability{{#if show_rating}} ratings-on{{else}} ratings-off{{/if}}{{#if price.with_tax}} withTax{{/if}}{{#if price.without_tax}} withoutTax{{/if}}{{#or customer (if theme_settings.restrict_to_login '===' true)}} restricted{{/or}}\" data-test-info-type=\"price\">\n\n          <div class=\"card-sku-brand-section {{#if theme_settings.card-brand-sku-separate-lines '===' true}} separate-lines {{/if}} {{#if theme_settings.card-brand-2-lines '===' true}} brand-two-lines {{/if}} {{#if theme_settings.card-sku-2-lines '===' true}} sku-two-lines {{/if}}\">\n              <h4 class=\"card-text brand {{#if theme_settings.card-brand-2-lines '===' true}} two-lines {{/if}}\" data-test-info-type=\"brandName\"><a class=\"brand-link\" href=\"/brands/{{dashcase brand.name}}\">{{brand.name}}</a></h4>\n              {{#if theme_settings.card-brand-name '===' true}}\n               {{#if brand.name}}\n               {{#if theme_settings.card-sku '===' true}}\n               {{#if sku}}\n                 <span class=\"brand-sku-divider\">|</span>\n               {{/if}}\n               {{/if}}\n               {{/if}}\n             {{/if}}\n            <h4 class=\"card-text sku {{#if theme_settings.card-sku-2-lines '===' true}} two-lines {{/if}}\">\n              {{#if theme_settings.card-sku '===' true}}\n              {{#if sku}}\n              <a class=\"sku-link\" href=\"{{url}}\" {{#if settings.data_tag_enabled}} data-event-type=\"product-click\" {{/if}}>\n                <span class=\"sku-label\">{{lang 'sku'}}:</span>\n                <span class=\"sku-value\" data-product-sku>{{sku}}</span>\n              </a>\n              {{/if}}\n              {{/if}}\n            </h4>\n          </div>\n\n          <h4 class=\"card-title\">\n            {{#if demo}}\n              {{name}}\n            {{else}}\n              <a href=\"{{url}}\" {{#if settings.data_tag_enabled}} data-event-type=\"product-click\" {{/if}}>{{name}}</a>\n            {{/if}}\n          </h4>\n            {{#if show_rating}}\n                <p class=\"card-text\" data-test-info-type=\"productRating\">\n                    <span class=\"rating--small\">\n                        {{> components/products/ratings rating=rating}}\n                    </span>\n                </p>\n            {{/if}}\n\n            <div class=\"card-text\" data-test-info-type=\"price\">\n                <div class=\"price-visibility{{#or customer (if theme_settings.restrict_to_login '===' true)}} visible{{/or}}\">\n                  {{#or customer (if theme_settings.restrict_to_login '!==' true)}}\n                    {{> components/products/price price=price customer=customer}}\n                  {{else}}\n                </div>\n                <div class=\"card-text add-to-cart-button price-visibility{{#or customer (if theme_settings.restrict_to_login '===' true)}} restricted{{/or}}\">\n                    {{> components/common/login-for-pricing}}\n                    {{#if show_compare}}\n                        <label class=\"button button--small card-figcaption-button compare\" for=\"compare-{{id}}\">\n                          <span class=\"custom-checkbox\"><input type=\"checkbox\" name=\"products[]\" value=\"{{id}}\" id=\"compare-{{id}}\" data-compare-id=\"{{id}}\"></span>\n                          <span class=\"compare-text\">{{lang 'products.compare'}}</span>\n                        </label>\n                    {{/if}}\n                {{/or}}\n                </div>\n            </div>\n            {{> components/products/bulk-discount-rates}}\n            {{#or customer (if theme_settings.restrict_to_login '!==' true)}}\n            <div class=\"card-text add-to-cart-button {{#if stock_level '<' 1}}{{#if out_of_stock_message '===' false}} no-button{{/if}}{{/if}}\">\n              {{#if show_cart_action}}\n                  {{#if has_options}}\n                      <a href=\"{{url}}\" data-event-type=\"product-click\" class=\"button button--small card-figcaption-button\" data-product-id=\"{{id}}\">{{lang 'products.choose_options'}}</a>\n                  {{/if}}\n                  {{#if pre_order}}\n                      <a href=\"{{pre_order_add_to_cart_url}}\" data-event-type=\"product-click\" class=\"button button--small card-figcaption-button\">{{lang 'products.pre_order'}}</a>\n                  {{/if}}\n                  {{#if add_to_cart_url }}\n                      <a href=\"{{add_to_cart_url}}\" data-event-type=\"product-click\" class=\"button button--small card-figcaption-button\">{{lang 'products.add_to_cart'}}</a>\n                  {{/if}}\n                  {{#if out_of_stock_message }}\n                      <a href=\"{{url}}\" data-event-type=\"product-click\" class=\"button button--small card-figcaption-button\" data-product-id=\"{{id}}\">{{out_of_stock_message}}</a>\n                  {{/if}}\n                  {{#if stock_level '<' 1}}\n                    {{#if out_of_stock_message '===' false}}\n                      <a href=\"{{url}}\" class=\"button button--small card-figcaption-button false-stock-message\" data-product-id=\"{{id}}\">View Details</a>\n                    {{/if}}\n                  {{/if}}\n              {{/if}}\n              {{#or customer (if theme_settings.restrict_to_login '!==' true)}}\n                        {{#if price}}\n                        {{ else }}\n                          <div class=\"card-text add-to-cart-button call-for-price\">\n                            <a href=\"{{url}}\" class=\"button button--small card-figcaption-button call-for-price desktop\" data-product-id=\"{{id}}\"><span class=\"line-one\">{{theme_settings.card_call_for_price_text}}</span><span class=\"line-two\">{{theme_settings.card_call_for_price_phone_number}}</span></a>\n                            <a href=\"tel:{{theme_settings.card_call_for_price_phone_number}}\" class=\"button button--small card-figcaption-button call-for-price mobile\" data-product-id=\"{{id}}\"><span class=\"line-one\">{{theme_settings.card_call_for_price_text}}</span><span class=\"line-two\">{{theme_settings.card_call_for_price_phone_number}}</span></a>\n                          </div>\n                          <div class=\"current-price\"></div>\n                        {{/if}}\n                      {{/or}}\n            </div>\n            {{#if show_compare}}\n                <label class=\"button button--small card-figcaption-button compare\" for=\"compare-{{id}}\">\n                  <span class=\"custom-checkbox\"><input type=\"checkbox\" name=\"products[]\" value=\"{{id}}\" id=\"compare-{{id}}\" data-compare-id=\"{{id}}\"></span>\n                  <span class=\"compare-text\">{{lang 'products.compare'}}</span>\n                </label>\n            {{/if}}\n            {{/or}}\n        </div>\n\n        {{/or}}\n        {{/or}}\n\n          {{else if theme_settings.price_as_low_as '===' false}}\n          {{#or customer (if theme_settings.restrict_to_login '===' false)}}\n          <div class=\"card-body purchase-ability{{#if show_rating}} ratings-on{{else}} ratings-off{{/if}}{{#if price.with_tax}} withTax{{/if}}{{#if price.without_tax}} withoutTax{{/if}}{{#or customer (if theme_settings.restrict_to_login '===' true)}} restricted{{/or}}\" data-test-info-type=\"price\">\n\n            <div class=\"card-sku-brand-section {{#if theme_settings.card-brand-sku-separate-lines '===' true}} separate-lines {{/if}} {{#if theme_settings.card-brand-2-lines '===' true}} brand-two-lines {{/if}} {{#if theme_settings.card-sku-2-lines '===' true}} sku-two-lines {{/if}}\">\n                <h4 class=\"card-text brand {{#if theme_settings.card-brand-2-lines '===' true}} two-lines {{/if}}\" data-test-info-type=\"brandName\"><a class=\"brand-link\" href=\"/brands/{{dashcase brand.name}}\">{{brand.name}}</a></h4>\n                {{#if theme_settings.card-brand-name '===' true}}\n                 {{#if brand.name}}\n                 {{#if theme_settings.card-sku '===' true}}\n                 {{#if sku}}\n                   <span class=\"brand-sku-divider\">|</span>\n                 {{/if}}\n                 {{/if}}\n                 {{/if}}\n               {{/if}}\n              <h4 class=\"card-text sku {{#if theme_settings.card-sku-2-lines '===' true}} two-lines {{/if}}\">\n                {{#if theme_settings.card-sku '===' true}}\n                {{#if sku}}\n                <a class=\"sku-link\" href=\"{{url}}\" {{#if settings.data_tag_enabled}} data-event-type=\"product-click\" {{/if}}>\n                  <span class=\"sku-label\">{{lang 'sku'}}:</span>\n                  <span class=\"sku-value\" data-product-sku>{{sku}}</span>\n                </a>\n                {{/if}}\n                {{/if}}\n              </h4>\n            </div>\n\n              <h4 class=\"card-title\">\n                  <a href=\"{{url}}\">{{name}}</a>\n              </h4>\n              {{#if show_rating}}\n                  <p class=\"card-text\" data-test-info-type=\"productRating\">\n                      <span class=\"rating--small\">\n                          {{> components/products/ratings rating=rating}}\n                      </span>\n                  </p>\n              {{/if}}\n\n              <div class=\"card-text\" data-test-info-type=\"price\">\n                  <div class=\"price-visibility{{#or customer (if theme_settings.restrict_to_login '===' true)}} visible{{/or}}\">\n                    {{#or customer (if theme_settings.restrict_to_login '!==' true)}}\n                      {{> components/products/price price=price customer=customer}}\n                    {{else}}\n                  </div>\n                  <div class=\"card-text add-to-cart-button price-visibility{{#or customer (if theme_settings.restrict_to_login '===' true)}} restricted{{/or}}\">\n                      {{> components/common/login-for-pricing}}\n                      {{#if show_compare}}\n                          <label class=\"button button--small card-figcaption-button compare\" for=\"compare-{{id}}\">\n                            <span class=\"custom-checkbox\"><input type=\"checkbox\" name=\"products[]\" value=\"{{id}}\" id=\"compare-{{id}}\" data-compare-id=\"{{id}}\"></span>\n                            <span class=\"compare-text\">{{lang 'products.compare'}}</span>\n                          </label>\n                      {{/if}}\n                  {{/or}}\n                  </div>\n              </div>\n              {{> components/products/bulk-discount-rates}}\n              {{#or customer (if theme_settings.restrict_to_login '!==' true)}}\n              <div class=\"card-text add-to-cart-button {{#if stock_level '<' 1}}{{#if out_of_stock_message '===' false}} no-button{{/if}}{{/if}}\">\n                      {{#if show_cart_action}}\n                          {{#if has_options}}\n                              <a href=\"{{url}}\" class=\"button button--small card-figcaption-button\" data-product-id=\"{{id}}\">{{lang 'products.choose_options'}}</a>\n                          {{/if}}\n                          {{#if pre_order}}\n                              <a href=\"{{url}}\" class=\"button button--small card-figcaption-button\">{{lang 'products.pre_order'}}</a>\n                          {{/if}}\n                          {{#if add_to_cart_url }}\n                              <a href=\"{{add_to_cart_url}}\" class=\"button button--small card-figcaption-button\">{{lang 'products.add_to_cart'}}</a>\n                          {{/if}}\n                          {{#if out_of_stock_message }}\n                              <a href=\"{{url}}\" class=\"button button--small card-figcaption-button\" data-product-id=\"{{id}}\">{{out_of_stock_message}}</a>\n                          {{/if}}\n                          {{#if stock_level '<' 1}}\n                            {{#if out_of_stock_message '===' false}}\n                              <a href=\"{{url}}\" class=\"button button--small card-figcaption-button false-stock-message\" data-product-id=\"{{id}}\">View Details</a>\n                            {{/if}}\n                          {{/if}}\n                      {{/if}}\n                      {{#or customer (if theme_settings.restrict_to_login '!==' true)}}\n                        {{#if price}}\n                        {{ else }}\n                          <div class=\"card-text add-to-cart-button call-for-price\">\n                            <a href=\"{{url}}\" class=\"button button--small card-figcaption-button call-for-price desktop\" data-product-id=\"{{id}}\"><span class=\"line-one\">{{theme_settings.card_call_for_price_text}}</span><span class=\"line-two\">{{theme_settings.card_call_for_price_phone_number}}</span></a>\n                            <a href=\"tel:{{theme_settings.card_call_for_price_phone_number}}\" class=\"button button--small card-figcaption-button call-for-price mobile\" data-product-id=\"{{id}}\"><span class=\"line-one\">{{theme_settings.card_call_for_price_text}}</span><span class=\"line-two\">{{theme_settings.card_call_for_price_phone_number}}</span></a>\n                          </div>\n                          <div class=\"current-price\"></div>\n                        {{/if}}\n                      {{/or}}\n              </div>\n              {{#if show_compare}}\n                  <label class=\"button button--small card-figcaption-button compare\" for=\"compare-{{id}}\">\n                    <span class=\"custom-checkbox\"><input type=\"checkbox\" name=\"products[]\" value=\"{{id}}\" id=\"compare-{{id}}\" data-compare-id=\"{{id}}\"></span>\n                    <span class=\"compare-text\">{{lang 'products.compare'}}</span>\n                  </label>\n              {{/if}}\n              {{/or}}\n          </div>\n\n          {{else}}\n          {{#or customer (if theme_settings.restrict_to_login '===' true)}}\n          <div class=\"card-body purchase-ability{{#if show_rating}} ratings-on{{else}} ratings-off{{/if}}{{#if price.with_tax}} withTax{{/if}}{{#if price.without_tax}} withoutTax{{/if}}{{#or customer (if theme_settings.restrict_to_login '===' true)}} restricted{{/or}}\" data-test-info-type=\"price\">\n\n            <div class=\"card-sku-brand-section {{#if theme_settings.card-brand-sku-separate-lines '===' true}} separate-lines {{/if}} {{#if theme_settings.card-brand-2-lines '===' true}} brand-two-lines {{/if}} {{#if theme_settings.card-sku-2-lines '===' true}} sku-two-lines {{/if}}\">\n                <h4 class=\"card-text brand {{#if theme_settings.card-brand-2-lines '===' true}} two-lines {{/if}}\" data-test-info-type=\"brandName\"><a class=\"brand-link\" href=\"/brands/{{dashcase brand.name}}\">{{brand.name}}</a></h4>\n                {{#if theme_settings.card-brand-name '===' true}}\n                 {{#if brand.name}}\n                 {{#if theme_settings.card-sku '===' true}}\n                 {{#if sku}}\n                   <span class=\"brand-sku-divider\">|</span>\n                 {{/if}}\n                 {{/if}}\n                 {{/if}}\n               {{/if}}\n              <h4 class=\"card-text sku {{#if theme_settings.card-sku-2-lines '===' true}} two-lines {{/if}}\">\n                {{#if theme_settings.card-sku '===' true}}\n                {{#if sku}}\n                <a class=\"sku-link\" href=\"{{url}}\" {{#if settings.data_tag_enabled}} data-event-type=\"product-click\" {{/if}}>\n                  <span class=\"sku-label\">{{lang 'sku'}}:</span>\n                  <span class=\"sku-value\" data-product-sku>{{sku}}</span>\n                </a>\n                {{/if}}\n                {{/if}}\n              </h4>\n            </div>\n\n              <h4 class=\"card-title\">\n                  <a href=\"{{url}}\">{{name}}</a>\n              </h4>\n              {{#if show_rating}}\n                  <p class=\"card-text\" data-test-info-type=\"productRating\">\n                      <span class=\"rating--small\">\n                          {{> components/products/ratings rating=rating}}\n                      </span>\n                  </p>\n              {{/if}}\n\n              <div class=\"card-text\" data-test-info-type=\"price\">\n                  <div class=\"price-visibility{{#or customer (if theme_settings.restrict_to_login '===' true)}} visible{{/or}}\">\n                    {{#or customer (if theme_settings.restrict_to_login '!==' true)}}\n                      {{> components/products/price price=price customer=customer}}\n                    {{else}}\n                  </div>\n                  <div class=\"card-text add-to-cart-button price-visibility{{#or customer (if theme_settings.restrict_to_login '===' true)}} restricted{{/or}}\">\n                      {{> components/common/login-for-pricing}}\n                      {{#if show_compare}}\n                          <label class=\"button button--small card-figcaption-button compare\" for=\"compare-{{id}}\">\n                            <span class=\"custom-checkbox\"><input type=\"checkbox\" name=\"products[]\" value=\"{{id}}\" id=\"compare-{{id}}\" data-compare-id=\"{{id}}\"></span>\n                            <span class=\"compare-text\">{{lang 'products.compare'}}</span>\n                          </label>\n                      {{/if}}\n                  {{/or}}\n                  </div>\n              </div>\n              {{> components/products/bulk-discount-rates}}\n              {{#or customer (if theme_settings.restrict_to_login '!==' true)}}\n              <div class=\"card-text add-to-cart-button {{#if stock_level '<' 1}}{{#if out_of_stock_message '===' false}} no-button{{/if}}{{/if}}\">\n                      {{#if show_cart_action}}\n                          {{#if has_options}}\n                              <a href=\"{{url}}\" class=\"button button--small card-figcaption-button\" data-product-id=\"{{id}}\">{{lang 'products.choose_options'}}</a>\n                          {{/if}}\n                          {{#if pre_order}}\n                              <a href=\"{{url}}\" class=\"button button--small card-figcaption-button\">{{lang 'products.pre_order'}}</a>\n                          {{/if}}\n                          {{#if add_to_cart_url }}\n                              <a href=\"{{add_to_cart_url}}\" class=\"button button--small card-figcaption-button\">{{lang 'products.add_to_cart'}}</a>\n                          {{/if}}\n                          {{#if out_of_stock_message }}\n                              <a href=\"{{url}}\" class=\"button button--small card-figcaption-button\" data-product-id=\"{{id}}\">{{out_of_stock_message}}</a>\n                          {{/if}}\n                          {{#if stock_level '<' 1}}\n                            {{#if out_of_stock_message '===' false}}\n                              <a href=\"{{url}}\" class=\"button button--small card-figcaption-button false-stock-message\" data-product-id=\"{{id}}\">View Details</a>\n                            {{/if}}\n                          {{/if}}\n                      {{/if}}\n                      {{#or customer (if theme_settings.restrict_to_login '!==' true)}}\n                        {{#if price}}\n                        {{ else }}\n                          <div class=\"card-text add-to-cart-button call-for-price\">\n                            <a href=\"{{url}}\" class=\"button button--small card-figcaption-button call-for-price desktop\" data-product-id=\"{{id}}\"><span class=\"line-one\">{{theme_settings.card_call_for_price_text}}</span><span class=\"line-two\">{{theme_settings.card_call_for_price_phone_number}}</span></a>\n                            <a href=\"tel:{{theme_settings.card_call_for_price_phone_number}}\" class=\"button button--small card-figcaption-button call-for-price mobile\" data-product-id=\"{{id}}\"><span class=\"line-one\">{{theme_settings.card_call_for_price_text}}</span><span class=\"line-two\">{{theme_settings.card_call_for_price_phone_number}}</span></a>\n                          </div>\n                          <div class=\"current-price\"></div>\n                        {{/if}}\n                      {{/or}}\n              </div>\n              {{#if show_compare}}\n                  <label class=\"button button--small card-figcaption-button compare\" for=\"compare-{{id}}\">\n                    <span class=\"custom-checkbox\"><input type=\"checkbox\" name=\"products[]\" value=\"{{id}}\" id=\"compare-{{id}}\" data-compare-id=\"{{id}}\"></span>\n                    <span class=\"compare-text\">{{lang 'products.compare'}}</span>\n                  </label>\n              {{/if}}\n              {{/or}}\n          </div>\n          {{/or}}\n          {{/or}}\n        {{/if}}\n</article>\n\n\n{{else}}\n<article id=\"{{#or customer (if theme_settings.restrict_to_login '===' true)}}pricing-restricted{{/or}}\" class=\"card compare-disabled {{#if alternate}}card--alternate{{/if}} price-visibility{{#or customer (if theme_settings.restrict_to_login '===' true)}} restricted{{/or}} {{#if theme_settings.show_sale_price_label '===' true}}sale-label-active{{/if}} {{#if theme_settings.card-brand-name '===' true}}brand-sku-active brand-active{{/if}} {{#if theme_settings.card-brand-name '===' false}}brand-hidden{{/if}} {{#if theme_settings.card-sku '===' true}}brand-sku-active sku-active{{/if}} {{#if theme_settings.card-sku '===' false}}sku-hidden{{/if}} {{#if theme_settings.card-brand-sku-separate-lines '===' true}}brand-sku-separate-lines{{/if}} {{#if theme_settings.card-brand-2-lines '===' true}}brand-2-lines{{/if}} {{#if theme_settings.card-sku-2-lines '===' true}}sku-2-lines{{/if}} {{#if theme_settings.msrp-price '===' true}}msrp-visible{{else}}msrp-hidden{{/if}} {{#if theme_settings.msrp-before-sale-pricing-separate-lines '===' true}}msrp-and-regular-separate-lines{{/if}} {{#if theme_settings.before-sale-price '===' true}}before-sale-price-visible{{else}}before-sale-price-hidden{{/if}}{{#if theme_settings.card-title-lines '===' '1-line'}} card-title-one-line{{/if}} {{#if theme_settings.card-title-lines '===' '2-lines'}}card-title-two-lines{{/if}} {{#if theme_settings.card-title-lines '===' '3-lines'}}card-title-three-lines{{/if}} {{#if theme_settings.card-title-lines '===' '4-lines'}}card-title-four-lines{{/if}} {{#if theme_settings.current-price-on-two-lines '===' true}}current-price-on-two-lines {{/if}} {{#if theme_settings.price_ranges '===' true}}price-ranges-active{{/if}} {{#if theme_settings.card-text-align '===' 'center'}} center-align{{/if}} {{#if price.with_tax}} withTax{{/if}}{{#if price.without_tax}} withoutTax{{/if}}\" {{#if settings.data_tag_enabled}} data-event-type=\"{{event}}\" data-entity-id=\"{{id}}\" data-position=\"{{position}}\" data-name=\"{{name}}\" data-product-category=\"{{#each category}}{{#if @last}}{{this}}{{else}}{{this}}, {{/if}}{{/each}}\" data-product-brand=\"{{brand.name}}\" data-product-price=\"{{#if price.with_tax}}{{price.with_tax.value}}{{else}}{{price.without_tax.value}}{{/if}}\"  {{/if}}>\n      <figure class=\"card-figure {{#if theme_settings.product_sale_badges_visibility '===' true}} sale-flag-active{{else}} sale-flag-inactive{{/if}} {{#if images.length '>' 1}} multiple-images{{/if}} {{#if theme_settings.product_hover_images '===' 'active'}} second-hover-img-active{{/if}}\">\n    {{#or price.non_sale_price_with_tax price.non_sale_price_without_tax}}\n            {{#if theme_settings.product_sale_badges '===' 'sash'}}\n                <div class=\"sale-flag-sash\">\n                    <span class=\"sale-text\">SALE</span>\n                </div>\n            {{else if theme_settings.product_sale_badges '===' 'topleft'}}\n                <div class=\"sale-flag-side\">\n                    <span class=\"sale-text\">SALE</span>\n                </div>\n            {{else if theme_settings.product_sale_badges '===' 'burst'}}\n                <div class=\"starwrap\">\n                    <div class=\"sale-text-burst\">SALE</div>\n                    <div class=\"sale-flag-star\"></div>\n                </div>\n            {{/if}}\n        {{/or}}\n\n        <a class=\"image-link desktop\" href=\"{{url}}\" {{#if settings.data_tag_enabled}} data-event-type=\"product-click\" {{/if}}>\n            <img class='card-image primary lazyload' data-sizes=\"auto\" src=\"{{cdn 'img/loading.svg'}}\" data-src=\"{{getImage image 'productgallery_size' (cdn theme_settings.default_image_product)}}\" alt=\"{{image.alt}}\" title=\"{{image.alt}}\">\n            {{#if theme_settings.product_hover_images '===' 'active'}}\n              {{#each (limit images 2)}}\n                {{#if @index '>' 0}}\n                  <img class='card-image alt lazyload' src=\"{{cdn 'img/loading.svg'}}\" data-src=\"{{getImage this 'productgallery_size' (cdn theme_settings.default_image_product)}}\" alt=\"{{this.alt}}\" title=\"{{this.alt}}\">\n                {{/if}}\n              {{/each}}\n            {{/if}}\n          </a>\n          <a class=\"image-link mobile\" href=\"#0\" {{#if settings.data_tag_enabled}} data-event-type=\"product-click\" {{/if}}>\n              <img class='card-image primary lazyload' data-sizes=\"auto\" src=\"{{cdn 'img/loading.svg'}}\" data-src=\"{{getImage image 'productgallery_size' (cdn theme_settings.default_image_product)}}\" alt=\"{{image.alt}}\" title=\"{{image.alt}}\">\n              {{#if theme_settings.product_hover_images '===' 'active'}}\n                {{#each (limit images 2)}}\n                  {{#if @index '>' 0}}\n                    <img class='card-image alt lazyload' src=\"{{cdn 'img/loading.svg'}}\" data-src=\"{{getImage this 'productgallery_size' (cdn theme_settings.default_image_product)}}\" alt=\"{{this.alt}}\" title=\"{{this.alt}}\">\n                  {{/if}}\n                {{/each}}\n              {{/if}}\n            </a>\n\n        <figcaption class=\"card-figcaption\">\n            <div class=\"card-figcaption-body\">\n              {{#unless hide_product_quick_view}}\n                  {{#if theme_settings.show_product_quick_view}}\n                  {{#unless demo}}\n                    {{#if settings.data_tag_enabled}}\n                      <a href=\"#\" class=\"button button--small card-figcaption-button quickview\" data-event-type=\"product-click\" data-product-id=\"{{id}}\">{{lang 'products.quick_view'}}</a>\n                      <a class=\"mobile-image-link\" href=\"{{url}}\" data-event-type=\"product-click\"><span class=\"mobile-link-text\">Details</span></a>\n                      {{else}}\n                      <a href=\"#\" class=\"button button--small card-figcaption-button quickview\" data-product-id=\"{{id}}\">{{lang 'products.quick_view'}}</a>\n                      <a class=\"mobile-image-link\" href=\"{{url}}\"><span class=\"mobile-link-text\">Details</span></a>\n                    {{/if}}\n                  {{/unless}}\n                  {{/if}}\n              {{/unless}}\n            </div>\n        </figcaption>\n    </figure>\n\n        {{#if theme_settings.price_as_low_as '===' true}}\n        {{#or customer (if theme_settings.restrict_to_login '!==' true)}}\n        <div class=\"card-body with-as-low-as-pricing purchase-ability{{#if show_rating}} ratings-on{{else}} ratings-off{{/if}}{{#if price.with_tax}} withTax{{/if}}{{#if price.without_tax}} withoutTax{{/if}}{{#or customer (if theme_settings.restrict_to_login '===' true)}} restricted{{/or}}\" data-test-info-type=\"price\">\n          <div class=\"card-sku-brand-section {{#if theme_settings.card-brand-sku-separate-lines '===' true}} separate-lines {{/if}} {{#if theme_settings.card-brand-2-lines '===' true}} brand-two-lines {{/if}} {{#if theme_settings.card-sku-2-lines '===' true}} sku-two-lines {{/if}}\">\n              <h4 class=\"card-text brand {{#if theme_settings.card-brand-2-lines '===' true}} two-lines {{/if}}\" data-test-info-type=\"brandName\"><a class=\"brand-link\" href=\"/brands/{{dashcase brand.name}}\">{{brand.name}}</a></h4>\n              {{#if theme_settings.card-brand-name '===' true}}\n               {{#if brand.name}}\n               {{#if theme_settings.card-sku '===' true}}\n               {{#if sku}}\n                 <span class=\"brand-sku-divider\">|</span>\n               {{/if}}\n               {{/if}}\n               {{/if}}\n             {{/if}}\n            <h4 class=\"card-text sku {{#if theme_settings.card-sku-2-lines '===' true}} two-lines {{/if}}\">\n              {{#if theme_settings.card-sku '===' true}}\n              {{#if sku}}\n              <a class=\"sku-link\" href=\"{{url}}\" {{#if settings.data_tag_enabled}} data-event-type=\"product-click\" {{/if}}>\n                <span class=\"sku-label\">{{lang 'sku'}}:</span>\n                <span class=\"sku-value\" data-product-sku>{{sku}}</span>\n              </a>\n              {{/if}}\n              {{/if}}\n            </h4>\n          </div>\n\n            <h4 class=\"card-title\">\n                <a href=\"{{url}}\">{{name}}</a>\n            </h4>\n            {{#if show_rating}}\n                <p class=\"card-text\" data-test-info-type=\"productRating\">\n                    <span class=\"rating--small\">\n                        {{> components/products/ratings rating=rating}}\n                    </span>\n                </p>\n            {{/if}}\n\n            <div class=\"card-text\" data-test-info-type=\"price\">\n                <div class=\"price-visibility{{#or customer (if theme_settings.restrict_to_login '===' true)}} visible{{/or}}\">\n                  {{#or customer (if theme_settings.restrict_to_login '!==' true)}}\n                    {{> components/products/price price=price customer=customer}}\n                  {{else}}\n                </div>\n                <div class=\"card-text add-to-cart-button price-visibility{{#or customer (if theme_settings.restrict_to_login '===' true)}} restricted{{/or}}\">\n                    {{> components/common/login-for-pricing}}\n                {{/or}}\n                </div>\n            </div>\n            {{> components/products/bulk-discount-rates}}\n            {{#or customer (if theme_settings.restrict_to_login '!==' true)}}\n            <div class=\"card-text add-to-cart-button {{#if stock_level '<' 1}}{{#if out_of_stock_message '===' false}} no-button{{/if}}{{/if}}\">\n                    {{#if show_cart_action}}\n                        {{#if has_options}}\n                            <a href=\"{{url}}\" class=\"button button--small card-figcaption-button\" data-product-id=\"{{id}}\">{{lang 'products.choose_options'}}</a>\n                        {{/if}}\n                        {{#if pre_order}}\n                            <a href=\"{{url}}\" class=\"button button--small card-figcaption-button\">{{lang 'products.pre_order'}}</a>\n                        {{/if}}\n                        {{#if add_to_cart_url }}\n                            <a href=\"{{add_to_cart_url}}\" class=\"button button--small card-figcaption-button\">{{lang 'products.add_to_cart'}}</a>\n                        {{/if}}\n                        {{#if out_of_stock_message }}\n                            <a href=\"{{url}}\" class=\"button button--small card-figcaption-button\" data-product-id=\"{{id}}\">{{out_of_stock_message}}</a>\n                        {{/if}}\n                        {{#if stock_level '<' 1}}\n                          {{#if out_of_stock_message '===' false}}\n                            <a href=\"{{url}}\" class=\"button button--small card-figcaption-button false-stock-message\" data-product-id=\"{{id}}\">View Details</a>\n                          {{/if}}\n                        {{/if}}\n                    {{/if}}\n                    {{#or customer (if theme_settings.restrict_to_login '!==' true)}}\n                        {{#if price}}\n                        {{ else }}\n                          <div class=\"card-text add-to-cart-button call-for-price\">\n                            <a href=\"{{url}}\" class=\"button button--small card-figcaption-button call-for-price desktop\" data-product-id=\"{{id}}\"><span class=\"line-one\">{{theme_settings.card_call_for_price_text}}</span><span class=\"line-two\">{{theme_settings.card_call_for_price_phone_number}}</span></a>\n                            <a href=\"tel:{{theme_settings.card_call_for_price_phone_number}}\" class=\"button button--small card-figcaption-button call-for-price mobile\" data-product-id=\"{{id}}\"><span class=\"line-one\">{{theme_settings.card_call_for_price_text}}</span><span class=\"line-two\">{{theme_settings.card_call_for_price_phone_number}}</span></a>\n                          </div>\n                          <div class=\"current-price\"></div>\n                        {{/if}}\n                      {{/or}}\n            </div>\n            {{/or}}\n        </div>\n        {{else if theme_settings.price_as_low_as '===' true}}\n        {{#or customer (if theme_settings.restrict_to_login '===' true)}}\n        <div class=\"card-body with-as-low-as-pricing purchase-ability{{#if show_rating}}  ratings-on{{else}} ratings-off{{/if}}{{#if price.with_tax}} withTax{{/if}}{{#if price.without_tax}} withoutTax{{/if}}{{#or customer (if theme_settings.restrict_to_login '===' true)}} restricted{{/or}}\" data-test-info-type=\"price\">\n\n          <div class=\"card-sku-brand-section {{#if theme_settings.card-brand-sku-separate-lines '===' true}} separate-lines {{/if}} {{#if theme_settings.card-brand-2-lines '===' true}} brand-two-lines {{/if}} {{#if theme_settings.card-sku-2-lines '===' true}} sku-two-lines {{/if}}\">\n              <h4 class=\"card-text brand {{#if theme_settings.card-brand-2-lines '===' true}} two-lines {{/if}}\" data-test-info-type=\"brandName\"><a class=\"brand-link\" href=\"/brands/{{dashcase brand.name}}\">{{brand.name}}</a></h4>\n              {{#if theme_settings.card-brand-name '===' true}}\n               {{#if brand.name}}\n               {{#if theme_settings.card-sku '===' true}}\n               {{#if sku}}\n                 <span class=\"brand-sku-divider\">|</span>\n               {{/if}}\n               {{/if}}\n               {{/if}}\n             {{/if}}\n            <h4 class=\"card-text sku {{#if theme_settings.card-sku-2-lines '===' true}} two-lines {{/if}}\">\n              {{#if theme_settings.card-sku '===' true}}\n              {{#if sku}}\n              <a class=\"sku-link\" href=\"{{url}}\" {{#if settings.data_tag_enabled}} data-event-type=\"product-click\" {{/if}}>\n                <span class=\"sku-label\">{{lang 'sku'}}:</span>\n                <span class=\"sku-value\" data-product-sku>{{sku}}</span>\n              </a>\n              {{/if}}\n              {{/if}}\n            </h4>\n          </div>\n\n            <h4 class=\"card-title\">\n                <a href=\"{{url}}\">{{name}}</a>\n            </h4>\n            {{#if show_rating}}\n                <p class=\"card-text\" data-test-info-type=\"productRating\">\n                    <span class=\"rating--small\">\n                        {{> components/products/ratings rating=rating}}\n                    </span>\n                </p>\n            {{/if}}\n\n            <div class=\"card-text\" data-test-info-type=\"price\">\n                <div class=\"price-visibility{{#or customer (if theme_settings.restrict_to_login '===' true)}} visible{{/or}}\">\n                  {{#or customer (if theme_settings.restrict_to_login '!==' true)}}\n                    {{> components/products/price price=price customer=customer}}\n                  {{else}}\n                </div>\n                <div class=\"card-text add-to-cart-button price-visibility{{#or customer (if theme_settings.restrict_to_login '===' true)}} restricted{{/or}}\">\n                    {{> components/common/login-for-pricing}}\n                {{/or}}\n                </div>\n            </div>\n            {{> components/products/bulk-discount-rates}}\n            {{#or customer (if theme_settings.restrict_to_login '!==' true)}}\n            <div class=\"card-text add-to-cart-button {{#if stock_level '<' 1}}{{#if out_of_stock_message '===' false}} no-button{{/if}}{{/if}}\">\n                    {{#if show_cart_action}}\n                        {{#if has_options}}\n                            <a href=\"{{url}}\" class=\"button button--small card-figcaption-button\" data-product-id=\"{{id}}\">{{lang 'products.choose_options'}}</a>\n                        {{/if}}\n                        {{#if pre_order}}\n                            <a href=\"{{url}}\" class=\"button button--small card-figcaption-button\">{{lang 'products.pre_order'}}</a>\n                        {{/if}}\n                        {{#if add_to_cart_url }}\n                            <a href=\"{{add_to_cart_url}}\" class=\"button button--small card-figcaption-button\">{{lang 'products.add_to_cart'}}</a>\n                        {{/if}}\n                        {{#if out_of_stock_message }}\n                            <a href=\"{{url}}\" class=\"button button--small card-figcaption-button\" data-product-id=\"{{id}}\">{{out_of_stock_message}}</a>\n                        {{/if}}\n                        {{#if stock_level '<' 1}}\n                          {{#if out_of_stock_message '===' false}}\n                            <a href=\"{{url}}\" class=\"button button--small card-figcaption-button false-stock-message\" data-product-id=\"{{id}}\">View Details</a>\n                          {{/if}}\n                        {{/if}}\n                    {{/if}}\n                    {{#or customer (if theme_settings.restrict_to_login '!==' true)}}\n                        {{#if price}}\n                        {{ else }}\n                          <div class=\"card-text add-to-cart-button call-for-price\">\n                            <a href=\"{{url}}\" class=\"button button--small card-figcaption-button call-for-price desktop\" data-product-id=\"{{id}}\"><span class=\"line-one\">{{theme_settings.card_call_for_price_text}}</span><span class=\"line-two\">{{theme_settings.card_call_for_price_phone_number}}</span></a>\n                            <a href=\"tel:{{theme_settings.card_call_for_price_phone_number}}\" class=\"button button--small card-figcaption-button call-for-price mobile\" data-product-id=\"{{id}}\"><span class=\"line-one\">{{theme_settings.card_call_for_price_text}}</span><span class=\"line-two\">{{theme_settings.card_call_for_price_phone_number}}</span></a>\n                          </div>\n                          <div class=\"current-price\"></div>\n                        {{/if}}\n                      {{/or}}\n            </div>\n            {{/or}}\n        </div>\n\n        {{/or}}\n        {{/or}}\n\n\n          {{else if theme_settings.price_as_low_as '===' false}}\n          {{#or customer (if theme_settings.restrict_to_login '===' false)}}\n           <div class=\"card-body purchase-ability{{#if show_rating}} ratings-on{{else}} ratings-off{{/if}}{{#if price.with_tax}} withTax{{/if}}{{#if price.without_tax}} withoutTax{{/if}}{{#or customer (if theme_settings.restrict_to_login '===' true)}} restricted{{/or}} {{#or customer (if theme_settings.restrict_to_login '!==' true)}}{{#if price}}{{else}} no-price{{/if}}{{/or}}\" data-test-info-type=\"price\">\n\n            <div class=\"card-sku-brand-section {{#if theme_settings.card-brand-sku-separate-lines '===' true}} separate-lines {{/if}} {{#if theme_settings.card-brand-2-lines '===' true}} brand-two-lines {{/if}} {{#if theme_settings.card-sku-2-lines '===' true}} sku-two-lines {{/if}}\">\n                <h4 class=\"card-text brand {{#if theme_settings.card-brand-2-lines '===' true}} two-lines {{/if}}\" data-test-info-type=\"brandName\"><a class=\"brand-link\" href=\"/brands/{{dashcase brand.name}}\">{{brand.name}}</a></h4>\n                {{#if theme_settings.card-brand-name '===' true}}\n                 {{#if brand.name}}\n                 {{#if theme_settings.card-sku '===' true}}\n                 {{#if sku}}\n                   <span class=\"brand-sku-divider\">|</span>\n                 {{/if}}\n                 {{/if}}\n                 {{/if}}\n               {{/if}}\n              <h4 class=\"card-text sku {{#if theme_settings.card-sku-2-lines '===' true}} two-lines {{/if}}\">\n                {{#if theme_settings.card-sku '===' true}}\n                {{#if sku}}\n                <a class=\"sku-link\" href=\"{{url}}\" {{#if settings.data_tag_enabled}} data-event-type=\"product-click\" {{/if}}>\n                  <span class=\"sku-label\">{{lang 'sku'}}:</span>\n                  <span class=\"sku-value\" data-product-sku>{{sku}}</span>\n                </a>\n                {{/if}}\n                {{/if}}\n              </h4>\n            </div>\n\n              <h4 class=\"card-title\">\n                  <a href=\"{{url}}\">{{name}}</a>\n              </h4>\n              {{#if show_rating}}\n                  <p class=\"card-text\" data-test-info-type=\"productRating\">\n                      <span class=\"rating--small\">\n                          {{> components/products/ratings rating=rating}}\n                      </span>\n                  </p>\n              {{/if}}\n\n              <div class=\"card-text{{#or customer (if theme_settings.restrict_to_login '!==' true)}}{{#if price}}{{else}} no-price{{/if}}{{/or}}\" data-test-info-type=\"price\">\n                  <div class=\"price-visibility{{#or customer (if theme_settings.restrict_to_login '===' true)}} visible{{/or}}\">\n                    {{#or customer (if theme_settings.restrict_to_login '!==' true)}}\n                      {{#if price}}\n                        {{> components/products/price price=price customer=customer}}\n                      {{else}}\n                        <div class=\"msrp-sale-regular-price-section\"></div>\n                        <div class=\"card-text add-to-cart-button call-for-price current-price\">\n                          <div class=\"call-for-price desktop\" data-product-id=\"{{id}}\"><span class=\"line-one\">{{theme_settings.card_call_for_price_text}}</span><span class=\"line-two\">{{theme_settings.card_call_for_price_phone_number}}</span></div>\n                          <a href=\"tel:{{theme_settings.card_call_for_price_phone_number}}\" class=\"call-for-price mobile\" data-product-id=\"{{id}}\"><span class=\"line-one\">{{theme_settings.card_call_for_price_text}}</span><span class=\"line-two\">{{theme_settings.card_call_for_price_phone_number}}</span></a>\n                        </div>\n                      {{/if}}\n                    {{else}}\n                  </div>\n                  <div class=\"card-text add-to-cart-button price-visibility{{#or customer (if theme_settings.restrict_to_login '===' true)}} restricted{{/or}}\">\n                      {{> components/common/login-for-pricing}}\n                  {{/or}}\n                  </div>\n              </div>\n              {{> components/products/bulk-discount-rates}}\n              {{#or customer (if theme_settings.restrict_to_login '!==' true)}}\n              <div class=\"card-text add-to-cart-button {{#if stock_level '<' 1}}{{#if out_of_stock_message '===' false}} no-button{{/if}}{{/if}}\">\n                      {{#if show_cart_action}}\n                          {{#if has_options}}\n                              <a href=\"{{url}}\" class=\"button button--small card-figcaption-button\" data-product-id=\"{{id}}\">{{lang 'products.choose_options'}}</a>\n                          {{/if}}\n                          {{#if pre_order}}\n                              <a href=\"{{url}}\" class=\"button button--small card-figcaption-button\">{{lang 'products.pre_order'}}</a>\n                          {{/if}}\n                          {{#if add_to_cart_url }}\n                              <a href=\"{{add_to_cart_url}}\" class=\"button button--small card-figcaption-button\">{{lang 'products.add_to_cart'}}</a>\n                          {{/if}}\n                          {{#if out_of_stock_message }}\n                              <a href=\"{{url}}\" class=\"button button--small card-figcaption-button\" data-product-id=\"{{id}}\">{{out_of_stock_message}}</a>\n                          {{/if}}\n                          {{#if stock_level '<' 1}}\n                            {{#if out_of_stock_message '===' false}}\n                              <a href=\"{{url}}\" class=\"button button--small card-figcaption-button false-stock-message\" data-product-id=\"{{id}}\">View Details</a>\n                            {{/if}}\n                          {{/if}}\n                      {{/if}}\n                      {{#or customer (if theme_settings.restrict_to_login '!==' true)}}\n                        {{#if price}}\n                        {{ else }}\n                          <div class=\"card-text add-to-cart-button call-for-price\">\n                            <a href=\"{{url}}\" class=\"button button--small card-figcaption-button false-stock-message\" data-product-id=\"{{id}}\">View Details</a>\n                          </div>\n                        {{/if}}\n                      {{/or}}\n              </div>\n              {{/or}}\n          </div>\n\n          {{else}}\n          {{#or customer (if theme_settings.restrict_to_login '===' true)}}\n          <div class=\"card-body purchase-ability{{#if show_rating}} ratings-on{{else}} ratings-off{{/if}}{{#if price.with_tax}} withTax{{/if}}{{#if price.without_tax}} withoutTax{{/if}}{{#or customer (if theme_settings.restrict_to_login '===' true)}} restricted{{/or}}\" data-test-info-type=\"price\">\n\n            <div class=\"card-sku-brand-section {{#if theme_settings.card-brand-sku-separate-lines '===' true}} separate-lines {{/if}} {{#if theme_settings.card-brand-2-lines '===' true}} brand-two-lines {{/if}} {{#if theme_settings.card-sku-2-lines '===' true}} sku-two-lines {{/if}}\">\n                <h4 class=\"card-text brand {{#if theme_settings.card-brand-2-lines '===' true}} two-lines {{/if}}\" data-test-info-type=\"brandName\"><a class=\"brand-link\" href=\"/brands/{{dashcase brand.name}}\">{{brand.name}}</a></h4>\n                {{#if theme_settings.card-brand-name '===' true}}\n                 {{#if brand.name}}\n                 {{#if theme_settings.card-sku '===' true}}\n                 {{#if sku}}\n                   <span class=\"brand-sku-divider\">|</span>\n                 {{/if}}\n                 {{/if}}\n                 {{/if}}\n               {{/if}}\n              <h4 class=\"card-text sku {{#if theme_settings.card-sku-2-lines '===' true}} two-lines {{/if}}\">\n                {{#if theme_settings.card-sku '===' true}}\n                {{#if sku}}\n                <a class=\"sku-link\" href=\"{{url}}\" {{#if settings.data_tag_enabled}} data-event-type=\"product-click\" {{/if}}>\n                  <span class=\"sku-label\">{{lang 'sku'}}:</span>\n                  <span class=\"sku-value\" data-product-sku>{{sku}}</span>\n                </a>\n                {{/if}}\n                {{/if}}\n              </h4>\n            </div>\n\n              <h4 class=\"card-title\">\n                  <a href=\"{{url}}\">{{name}}</a>\n              </h4>\n              {{#if show_rating}}\n                  <p class=\"card-text\" data-test-info-type=\"productRating\">\n                      <span class=\"rating--small\">\n                          {{> components/products/ratings rating=rating}}\n                      </span>\n                  </p>\n              {{/if}}\n\n              <div class=\"card-text\" data-test-info-type=\"price\">\n                  <div class=\"price-visibility{{#or customer (if theme_settings.restrict_to_login '===' true)}} visible{{/or}}\">\n                    {{#or customer (if theme_settings.restrict_to_login '!==' true)}}\n                      {{> components/products/price price=price customer=customer}}\n                    {{else}}\n                  </div>\n                  <div class=\"card-text add-to-cart-button price-visibility{{#or customer (if theme_settings.restrict_to_login '===' true)}} restricted{{/or}}\">\n                      {{> components/common/login-for-pricing}}\n                  {{/or}}\n                  </div>\n              </div>\n              {{> components/products/bulk-discount-rates}}\n              {{#or customer (if theme_settings.restrict_to_login '!==' true)}}\n              <div class=\"card-text add-to-cart-button {{#if stock_level '<' 1}}{{#if out_of_stock_message '===' false}} no-button{{/if}}{{/if}}\">\n                      {{#if show_cart_action}}\n                          {{#if has_options}}\n                              <a href=\"{{url}}\" class=\"button button--small card-figcaption-button\" data-product-id=\"{{id}}\">{{lang 'products.choose_options'}}</a>\n                          {{/if}}\n                          {{#if pre_order}}\n                              <a href=\"{{url}}\" class=\"button button--small card-figcaption-button\">{{lang 'products.pre_order'}}</a>\n                          {{/if}}\n                          {{#if add_to_cart_url }}\n                              <a href=\"{{add_to_cart_url}}\" class=\"button button--small card-figcaption-button\">{{lang 'products.add_to_cart'}}</a>\n                          {{/if}}\n                          {{#if out_of_stock_message }}\n                              <a href=\"{{url}}\" class=\"button button--small card-figcaption-button\" data-product-id=\"{{id}}\">{{out_of_stock_message}}</a>\n                          {{/if}}\n                          {{#if stock_level '<' 1}}\n                            {{#if out_of_stock_message '===' false}}\n                              <a href=\"{{url}}\" class=\"button button--small card-figcaption-button false-stock-message\" data-product-id=\"{{id}}\">View Details</a>\n                            {{/if}}\n                          {{/if}}\n                      {{/if}}\n                      {{#or customer (if theme_settings.restrict_to_login '!==' true)}}\n                        {{#if price}}\n                        {{ else }}\n                          <div class=\"card-text add-to-cart-button call-for-price\">\n                            <a href=\"{{url}}\" class=\"button button--small card-figcaption-button call-for-price desktop\" data-product-id=\"{{id}}\"><span class=\"line-one\">{{theme_settings.card_call_for_price_text}}</span><span class=\"line-two\">{{theme_settings.card_call_for_price_phone_number}}</span></a>\n                            <a href=\"tel:{{theme_settings.card_call_for_price_phone_number}}\" class=\"button button--small card-figcaption-button call-for-price mobile\" data-product-id=\"{{id}}\"><span class=\"line-one\">{{theme_settings.card_call_for_price_text}}</span><span class=\"line-two\">{{theme_settings.card_call_for_price_phone_number}}</span></a>\n                          </div>\n                          <div class=\"current-price\"></div>\n                        {{/if}}\n                      {{/or}}\n              </div>\n              {{/or}}\n          </div>\n          {{/or}}\n          {{/or}}\n        {{/if}}\n</article>\n{{/if}}\n",
  "components/products/ratings": "{{#for 1 5}}\n    {{#if ../this.rating '>=' $index}}\n        <span class=\"icon icon--ratingFull\">\n            <svg>\n                <use xlink:href=\"#icon-star\" />\n            </svg>\n        </span>\n    {{else}}\n        <span class=\"icon icon--ratingEmpty\">\n            <svg>\n                <use xlink:href=\"#icon-star\" />\n            </svg>\n        </span>\n    {{/if}}\n{{/for}}\n{{{snippet 'product_rating'}}}\n",
  "components/common/login-for-pricing": "<a href=\"/login.php\" class=\"button button--small card-figcaption-button login-for-pricing\"><p translate>Log in for pricing</p></a>\n",
  "components/products/bulk-discount-rates": "{{#if bulk_discount_rates.length}}\n    {{#if product}}<dt class=\"productView-info-name\">{{lang 'products.bulk_pricing.title'}}</dt>{{/if}}\n    <dd class=\"productView-info-value\">\n        <a href=\"{{product.url}}#bulk_pricing\"\n           {{#unless is_ajax }}data-reveal-id=\"modal-bulk-pricing\"{{/unless}}>\n            {{lang 'products.bulk_pricing.view'}}\n        </a>\n    </dd>\n    <div id=\"modal-bulk-pricing\" class=\"modal modal--small\" data-reveal>\n        <div class=\"modal-header\">\n            <h2 class=\"modal-header-title\">{{lang 'products.bulk_pricing.modal_title'}}</h2>\n            <a href=\"#\" class=\"modal-close\" aria-label=\"Close\"><span aria-hidden=\"true\">&#215;</span></a>\n        </div>\n        <div class=\"modal-body\">\n            <p>{{lang 'products.bulk_pricing.instructions'}}</p>\n            <ul>\n                {{#each bulk_discount_rates}}\n                <li>\n                    {{lang 'products.bulk_pricing.range' min=min max=max}}\n                    {{#if type '===' 'percent'}}\n                    {{lang 'products.bulk_pricing.percent' discount=discount.formatted}}\n                    {{/if}}\n                    {{#if type '===' 'fixed'}}\n                    {{lang 'products.bulk_pricing.fixed' discount=discount.formatted}}\n                    {{/if}}\n                    {{#if type '===' 'price'}}\n                    {{lang 'products.bulk_pricing.price' discount=discount.formatted}}\n                    {{/if}}\n                </li>\n                {{/each}}\n            </ul>\n        </div>\n    </div>\n{{/if}}\n",
  "components/products/price": "{{!-- There are 2 code paths for generating the PDP pricing HTML determined by the following #and condition.\nIf a 'price_range' exists then we generate all HTML in price-range.html, otherwise it is defined here. Both code\npaths generate the same HTML structure with some differences in whether that element is displayed by default (css styling).\n\nIf you are making a change here or in price-range.html, you probably want to make that change in both files. --}}\n\n{{#and price.price_range (if theme_settings.price_ranges '==' true)}}\n    {{> components/products/price-range price=price schema_org=schema_org}}\n{{else}}\n    {{#if price.with_tax}}\n      <div class=\"msrp-sale-regular-price-section withTax\">\n        <div class=\"price-section price-section--withTax rrp-price--withTax\" {{#unless price.rrp_with_tax}}style=\"display: none;\"{{/unless}}>\n            <span class=\"price-label\">{{theme_settings.pdp-retail-price-label}}</span>\n            <span data-product-rrp-with-tax class=\"price price--rrp\">\n                {{price.rrp_with_tax.formatted}}\n            </span>\n        </div>\n        <div class=\"price-section price-section--withTax non-sale-price non-sale-price--withTax\" {{#unless price.non_sale_price_with_tax}}style=\"display: none;\"{{/unless}}>\n            <span class=\"price-label\">{{theme_settings.pdp-non-sale-price-label}}</span>\n            <span data-product-non-sale-price-with-tax class=\"price price--non-sale\">\n                {{price.non_sale_price_with_tax.formatted}}\n            </span>\n        </div>\n      </div>\n        <div class=\"price-section price-section--withTax current-price{{#if price.non_sale_price_with_tax}} sale-price {{else}} regular-price{{/if}}\" {{#if schema_org}}itemprop=\"offers\" itemscope itemtype=\"http://schema.org/Offer\"{{/if}}>\n            <span class=\"price-label\" {{#if price.non_sale_price_with_tax}}style=\"display: none;\"{{/if}}>\n                {{theme_settings.pdp-price-label}}\n            </span>\n\n              <span class=\"price-label price-now-label\" {{#unless price.non_sale_price_with_tax}}style=\"display: none;\"{{/unless}}>\n                {{theme_settings.pdp-sale-price-label}}\n              </span>\n\n            <span data-product-price-with-tax class=\"price price--withTax\">{{price.with_tax.formatted}}</span>\n            {{#if schema_org}}\n                <meta itemprop=\"availability\" itemtype=\"http://schema.org/ItemAvailability\" content=\"http://schema.org/{{#if product.pre_order}}PreOrder{{else if product.can_purchase '===' false}}OutOfStock{{else if product.out_of_stock}}OutOfStock{{else if product.out_of_stock_message}}OutOfStock{{else}}InStock{{/if}}\">\n                <meta itemprop=\"itemCondition\" itemtype=\"http://schema.org/OfferItemCondition\" content=\"http://schema.org/{{product.condition}}Condition\">\n                <div itemprop=\"priceSpecification\" itemscope itemtype=\"http://schema.org/PriceSpecification\">\n                    <meta itemprop=\"price\" content=\"{{price.with_tax.value}}\">\n                    <meta itemprop=\"priceCurrency\" content=\"{{currency_selector.active_currency_code}}\">\n                    <meta itemprop=\"valueAddedTaxIncluded\" content=\"true\">\n                </div>\n            {{/if}}\n            {{#if price.without_tax}}\n                <abbr title=\"{{lang 'products.including_tax'}}\">{{lang 'products.price_with_tax' tax_label=price.tax_label}}</abbr>\n            {{/if}}\n        </div>\n    {{/if}}\n    {{#if price.without_tax}}\n      <div class=\"msrp-sale-regular-price-section withoutTax\">\n        <div class=\"price-section price-section--withoutTax rrp-price--withoutTax{{#if price.with_tax}} price-section--minor{{/if}}\" {{#unless price.rrp_without_tax}}style=\"display: none;\"{{/unless}}>\n            <span class=\"price-label\">{{theme_settings.pdp-retail-price-label}}</span>\n            <span data-product-rrp-price-without-tax class=\"price price--rrp\">\n                {{price.rrp_without_tax.formatted}}\n            </span>\n        </div>\n        {{#if price.non_sale_price_without_tax.formatted}}\n        <div class=\"price-section price-section--withoutTax non-sale-price non-sale-price--withoutTax{{#if price.with_tax}} price-section--minor{{/if}}\" {{#unless price.non_sale_price_without_tax}}style=\"display: none;\"{{/unless}}>\n            <span class=\"price-label\">{{theme_settings.pdp-non-sale-price-label}}</span>\n            <span data-product-non-sale-price-without-tax class=\"price price--non-sale\">\n                {{price.non_sale_price_without_tax.formatted}}\n            </span>\n        </div>\n      </div>\n        {{/if}}\n        </div>\n        <div class=\"price-section price-section--withoutTax current-price{{#if price.non_sale_price_without_tax}} sale-price {{else}} regular-price{{/if}}\" {{#if schema_org}}itemprop=\"offers\" itemscope itemtype=\"http://schema.org/Offer\"{{/if}}>\n            <span class=\"price-label\" {{#if price.non_sale_price_without_tax}}style=\"display: none;\"{{/if}}>\n                {{theme_settings.pdp-price-label}}\n            </span>\n\n              <span class=\"price-label price-now-label\" {{#unless price.non_sale_price_without_tax}}style=\"display: none;\"{{/unless}}>\n                {{theme_settings.pdp-sale-price-label}}\n              </span>\n\n            <span data-product-price-without-tax class=\"price price--withoutTax{{#if price.with_tax}} price-section--minor{{/if}}\">{{price.without_tax.formatted}}</span>\n            {{#if schema_org}}\n                <meta itemprop=\"availability\" itemtype=\"http://schema.org/ItemAvailability\" content=\"http://schema.org/{{#if product.pre_order}}PreOrder{{else if product.can_purchase '===' false}}OutOfStock{{else if product.out_of_stock}}OutOfStock{{else if product.out_of_stock_message}}OutOfStock{{else}}InStock{{/if}}\">\n                <meta itemprop=\"itemCondition\" itemtype=\"http://schema.org/OfferItemCondition\" content=\"http://schema.org/{{product.condition}}Condition\">\n                <div itemprop=\"priceSpecification\" itemscope itemtype=\"http://schema.org/PriceSpecification\">\n                    <meta itemprop=\"price\" content=\"{{price.without_tax.value}}\">\n                    <meta itemprop=\"priceCurrency\" content=\"{{currency_selector.active_currency_code}}\">\n                    <meta itemprop=\"valueAddedTaxIncluded\" content=\"false\">\n                </div>\n            {{/if}}\n            {{#if price.with_tax}}\n                <abbr title=\"{{lang 'products.excluding_tax'}}\">{{lang 'products.price_without_tax' tax_label=price.tax_label}}</abbr>\n            {{/if}}\n\n    {{/if}}\n    {{#if page_type '===' 'product'}}\n         <div class=\"price-section price-section--saving price\" {{#unless price.saved}}style=\"display: none;\"{{/unless}}>\n                <span class=\"price\">{{lang 'products.you_save_opening_text'}}</span>\n                <span data-product-price-saved class=\"price price--saving\">\n                    {{price.saved.formatted}}\n                </span>\n                <span class=\"price\">{{lang 'products.you_save_closing_bracket'}}</span>\n         </div>\n    {{/if}}\n{{/and}}\n",
  "components/products/price-range": "{{#and price.retail_price_range.min.with_tax price.retail_price_range.max.with_tax}}\n    <div class=\"price-section price-section--withTax rrp-price--withTax\">\n        {{theme_settings.pdp-retail-price-label}}\n        <span data-product-rrp-price-with-tax class=\"price price--rrp\">{{price.retail_price_range.min.with_tax.formatted}} - {{price.retail_price_range.max.with_tax.formatted}}</span>\n    </div>\n{{else}}\n    {{#if price.with_tax}}\n      <div class=\"msrp-sale-regular-price-section withTax\">\n        <div class=\"price-section price-section--withTax rrp-price--withTax\" style=\"display: none;\">\n            {{theme_settings.pdp-retail-price-label}}\n            <span data-product-rrp-with-tax class=\"price price--rrp\">\n                {{price.rrp_with_tax.formatted}}\n            </span>\n        </div>\n      </div>\n    {{/if}}\n{{/and}}\n{{#and price.price_range.min.with_tax price.price_range.max.with_tax}}\n    {{!-- Never display the \"non-sales price\" if there is a price range to be shown, but we do want the element on the page --}}\n    <div class=\"price-section price-section--withTax non-sale-price non-sale-price--withTax\" style=\"display: none;\">\n        {{theme_settings.pdp-non-sale-price-label}}\n        <span data-product-non-sale-price-with-tax class=\"price price--non-sale\">\n            {{price.non_sale_price_with_tax.formatted}}\n        </span>\n    </div>\n    <div class=\"price-section price-section--withTax current-price price-range{{#if price.non_sale_price_with_tax}} sale-price {{else}} regular-price{{/if}}\" {{#if schema_org}}itemprop=\"offers\" itemscope itemtype=\"http://schema.org/Offer\"{{/if}}>\n        <span class=\"price-label\">{{theme_settings.pdp-price-label}}</span>\n        <span class=\"price-now-label\" style=\"display: none;\">{{theme_settings.pdp-sale-price-label}}</span>\n        <span data-product-price-with-tax class=\"price price--withTax\">{{price.price_range.min.with_tax.formatted}} - {{price.price_range.max.with_tax.formatted}}</span>\n        {{#and price.price_range.min.without_tax price.price_range.max.without_tax}}\n            <abbr title=\"{{lang 'products.including_tax'}}\">{{lang 'products.price_with_tax' tax_label=price.price_range.min.tax_label}}</abbr>\n        {{/and}}\n        {{#if schema_org}}\n            <meta itemprop=\"availability\" itemtype=\"http://schema.org/ItemAvailability\" content=\"http://schema.org/{{#if product.pre_order}}PreOrder{{else if product.can_purchase '===' false}}OutOfStock{{else if product.out_of_stock}}OutOfStock{{else if product.out_of_stock_message}}OutOfStock{{else}}InStock{{/if}}\">\n            <meta itemprop=\"itemCondition\" itemtype=\"http://schema.org/OfferItemCondition\" content=\"http://schema.org/{{product.condition}}Condition\">\n            <div itemprop=\"priceSpecification\" itemscope itemtype=\"http://schema.org/PriceSpecification\">\n                <meta itemprop=\"minPrice\" content=\"{{price_range.min.with_tax.value}}\"  />\n                <meta itemprop=\"price\" content=\"{{price_range.min.with_tax.value}}\">\n                <meta itemprop=\"maxPrice\" content=\"{{price_range.max.with_tax.value}}\"  />\n                <meta itemprop=\"priceCurrency\" content=\"{{currency_selector.active_currency_code}}\">\n                <meta itemprop=\"valueAddedTaxIncluded\" content=\"true\">\n            </div>\n        {{/if}}\n    </div>\n{{/and}}\n{{#and price.retail_price_range.min.without_tax price.retail_price_range.max.without_tax}}\n    <div class=\"price-section price-section--withoutTax rrp-price--withoutTax{{#if price.with_tax}} price-section--minor{{/if}}\">\n        {{theme_settings.pdp-retail-price-label}}\n        <span data-product-rrp-price-without-tax class=\"price price--rrp\">{{price.retail_price_range.min.without_tax.formatted}} - {{price.retail_price_range.max.without_tax.formatted}}</span>\n    </div>\n{{else}}\n    {{#if price.without_tax}}\n      <div class=\"msrp-sale-regular-price-section withoutTax\">\n        <div class=\"price-section price-section--withoutTax rrp-price--withoutTax{{#if price.with_tax}} price-section--minor{{/if}}\" style=\"display: none;\">\n            {{theme_settings.pdp-retail-price-label}}\n            <span data-product-rrp-price-without-tax class=\"price price--rrp\">\n                {{price.rrp_without_tax.formatted}}\n            </span>\n        </div>\n      </div>\n    {{/if}}\n{{/and}}\n{{#and price.price_range.min.without_tax price.price_range.max.without_tax}}\n    {{!-- Never display the \"non-sales price\" if there is a price range to be shown, but we do want the element on the page --}}\n    <div class=\"price-section price-section--withoutTax non-sale-price non-sale-price--withoutTax{{#if price.with_tax}} price-section--minor{{/if}}\" style=\"display: none;\">\n        {{theme_settings.pdp-non-sale-price-label}}\n        <span data-product-non-sale-price-without-tax class=\"price price--non-sale\">\n            {{price.non_sale_price_without_tax.formatted}}\n        </span>\n    </div>\n    <div class=\"price-section price-section--withoutTax current-price price-range{{#if price.non_sale_price_with_tax}} sale-price {{else}} regular-price{{/if}}{{#and price_range.min.with_tax price_range.max.with_tax}} price-section--minor{{/and}}\" {{#if schema_org}}itemprop=\"offers\" itemscope itemtype=\"http://schema.org/Offer\"{{/if}}>\n        <span class=\"price-label\">{{theme_settings.pdp-price-label}}</span>\n        <span class=\"price-now-label\" style=\"display: none;\">{{theme_settings.pdp-sale-price-label}}</span>\n        <span data-product-price-without-tax class=\"price price--withoutTax\">{{price.price_range.min.without_tax.formatted}} - {{price.price_range.max.without_tax.formatted}}</span>\n        {{#and price.price_range.min.with_tax price.price_range.max.with_tax}}\n            <abbr title=\"{{lang 'products.excluding_tax'}}\">{{lang 'products.price_without_tax' tax_label=price.price_range.min.tax_label}}</abbr>\n        {{/and}}\n        {{#if schema_org}}\n            <meta itemprop=\"availability\" itemtype=\"http://schema.org/ItemAvailability\" content=\"http://schema.org/{{#if product.pre_order}}PreOrder{{else if product.can_purchase '===' false}}OutOfStock{{else if product.out_of_stock}}OutOfStock{{else if product.out_of_stock_message}}OutOfStock{{else}}InStock{{/if}}\">\n            <meta itemprop=\"itemCondition\" itemtype=\"http://schema.org/OfferItemCondition\" content=\"http://schema.org/{{product.condition}}Condition\">\n            <div itemprop=\"priceSpecification\" itemscope itemtype=\"http://schema.org/PriceSpecification\">\n                <meta itemprop=\"minPrice\" content=\"{{price.price_range.min.without_tax.value}}\"  />\n                <meta itemprop=\"price\" content=\"{{price.price_range.min.without_tax.value}}\">\n                <meta itemprop=\"maxPrice\" content=\"{{price.price_range.max.without_tax.value}}\"  />\n                <meta itemprop=\"priceCurrency\" content=\"{{currency_selector.active_currency_code}}\">\n                <meta itemprop=\"valueAddedTaxIncluded\" content=\"false\">\n            </div>\n        {{/if}}\n    </div>\n{{/and}}\n\n{{!-- Never display the \"saving price\" element by default if there is a price range on the page to be shown --}}\n{{#if page_type '===' 'product'}}\n     <div class=\"price-section price-section--saving price\" style=\"display: none;\">\n            <span class=\"price\">{{lang 'products.you_save_opening_text'}}</span>\n            <span data-product-price-saved class=\"price price--saving\">\n                {{price.saved.formatted}}\n            </span>\n            <span class=\"price\">{{lang 'products.you_save_closing_bracket'}}</span>\n     </div>\n{{/if}}\n"
}