{
  "components/carousel": "<section\n  class=\"heroCarousel\"\n  data-slick='{\n        \"arrows\": {{arrows}},\n        \"mobileFirst\": true,\n        \"slidesToShow\": 1,\n        \"slidesToScroll\": 1,\n        \"autoplay\": true,\n        \"autoplaySpeed\": {{carousel.swap_frequency}},\n        \"lazyLoad\": \"anticipated\"\n    }'\n>\n  {{#each carousel.slides}}\n  <a href=\"{{url}}\">\n    <div\n      class=\"heroCarousel-slide {{#if ../theme_settings.homepage_stretch_carousel_images}}stretch{{/if}} {{#if @first}}heroCarousel-slide--first{{/if}}\"\n    >\n      <div class=\"heroCarousel-image-wrapper\">\n        <img\n          class=\"heroCarousel-image\"\n          src=\"{{image}}\"\n          alt=\"{{alt_text}}\"\n          title=\"{{alt_text}}\"\n        />\n      </div>\n      {{#if heading}} {{> components/carousel-content show_background=true}}\n      {{else}} {{#if text}} {{> components/carousel-content\n      show_background=true}} {{else}} {{#if button_text}} {{>\n      components/carousel-content show_background=false}} {{/if}} {{/if}}\n      {{/if}}\n    </div>\n  </a>\n  {{/each}}\n</section>\n<div class=\"clientSection\">\n  <div class=\"fullSpecs\">\n    <h5 class=\"\">Full Specs</h5>\n    <div class=\"vertDivide\">\n      <a\n        class=\"\"\n        href=\"/content/catalog/TLS-Emergency-Lighting-Catalog-2018.pdf\"\n        download\n        ><img\n          class=\"pdfButton\"\n          src=\"/content/images/emergency-lights-catalog.gif\"\n      /></a>\n    </div>\n  </div>\n  <div class=\"pastClients\">\n    <h5 class=\"\">Past Clients</h5>\n    <link rel=\"stylesheet\" href=\"https://www.w3schools.com/w3css/4/w3.css\" />\n\n    <div class=\"companyGif\">\n      <img class=\"mySlides\" src=\"/content/images/CED.png\" />\n      <img class=\"mySlides\" src=\"/content/images/3M.png\" />\n      <img class=\"mySlides\" src=\"/content/images/NYU.jpg\" />\n      <img class=\"mySlides\" src=\"/content/images/USDOD.png\" />\n      <img class=\"mySlides\" src=\"/content/images/GP.jpg\" />\n      <img class=\"mySlides\" src=\"/content/images/CBRE.png\" />\n    </div>\n    <script>\n      var myIndex = 0;\n      carousel();\n      function carousel() {\n        var i;\n        var x = document.getElementsByClassName(\"mySlides\");\n        for (i = 0; i < x.length; i++) {\n          x[i].style.display = \"none\";\n        }\n        myIndex++;\n        if (myIndex > x.length) {\n          myIndex = 1;\n        }\n        x[myIndex - 1].style.display = \"flex\";\n        setTimeout(carousel, 2000); // Change image every 2 seconds\n      }\n    </script>\n  </div>\n</div>\n",
  "components/carousel-content": "<div class=\"heroCarousel-content{{#unless show_background}} heroCarousel-content--empty{{/unless}}\">\n    <h1 class=\"heroCarousel-title\">{{{heading}}}</h1>\n    <p class=\"heroCarousel-description\">{{{text}}}</p>\n    {{#if button_text}}\n        <span class=\"heroCarousel-action button button--primary button--large\">{{button_text}}</span>\n    {{/if}}\n</div>\n"
}